timestep,lad_uk_2016,employment
2015,E06000001,31.262937910931537
2015,E06000002,66.37094878230924
2015,E06000003,42.95367385689478
2015,E06000004,88.97336598018695
2015,E06000005,51.31342202386742
2015,E06000006,65.21148653753346
2015,E06000007,143.90691132732073
2015,E06000008,70.52994499831372
2015,E06000009,66.53757451019096
2015,E06000010,133.69185142188283
2015,E06000011,149.80649127814033
2015,E06000012,74.75504928112176
2015,E06000013,78.14078748433941
2015,E06000014,116.80355375425127
2015,E06000015,142.27730882167768
2015,E06000016,181.94663351121557
2015,E06000017,19.373732093193638
2015,E06000018,238.6136312003433
2015,E06000019,99.62369080776001
2015,E06000020,94.76279554509173
2015,E06000021,131.71847683612418
2015,E06000022,103.83824802213995
2015,E06000023,302.96033737294186
2015,E06000024,103.06276428784427
2015,E06000025,162.61691142751485
2015,E06000026,125.10232861139583
2015,E06000027,59.3752502004294
2015,E06000028,100.70123953072283
2015,E06000029,88.89571036138912
2015,E06000030,129.0250880934014
2015,E06000031,124.69748716125154
2015,E06000032,107.25566664350303
2015,E06000033,74.08119123191393
2015,E06000034,74.34443362810904
2015,E06000035,110.4413409662655
2015,E06000036,71.85549551046168
2015,E06000037,112.40604013545881
2015,E06000038,116.98756396926261
2015,E06000039,94.3680129906938
2015,E06000040,94.18587680955426
2015,E06000041,100.53918954818151
2015,E06000042,200.90876518757918
2015,E06000043,169.27271707038116
2015,E06000044,121.30993539602969
2015,E06000045,126.87250019684502
2015,E06000046,62.28751904056911
2015,E06000047,191.8690155278095
2015,E06000049,215.11493248922977
2015,E06000050,184.2456450546754
2015,E06000051,153.41947825099956
2015,E06000052,275.50668155399455
2015,E06000053,1.3336832078580134
2015,E06000054,239.29522570362784
2015,E06000055,85.04527941063125
2015,E06000056,117.57178639886234
2015,E06000057,121.63283115301375
2015,E07000004,100.62091545878003
2015,E07000005,47.07736894828622
2015,E07000006,47.17459221388972
2015,E07000007,100.18850947302373
2015,E07000008,107.3521355326173
2015,E07000009,39.18405531953744
2015,E07000010,41.00290511257246
2015,E07000011,79.46010322343943
2015,E07000012,97.8028485894873
2015,E07000026,41.146118100634034
2015,E07000027,32.759136165904486
2015,E07000028,60.95550243445824
2015,E07000029,37.44288827633024
2015,E07000030,29.57783248273685
2015,E07000031,57.967364151365786
2015,E07000032,56.55485471871771
2015,E07000033,31.644860688100337
2015,E07000034,54.77163564550359
2015,E07000035,43.21096034835941
2015,E07000036,44.85627939590869
2015,E07000037,37.69576404289065
2015,E07000038,31.385276268798865
2015,E07000039,37.84594113760852
2015,E07000040,57.264744625800404
2015,E07000041,103.3050140551096
2015,E07000042,35.29121226595123
2015,E07000043,58.89304596341698
2015,E07000044,46.40506272955687
2015,E07000045,58.12000652507653
2015,E07000046,27.286380160389783
2015,E07000047,22.63978103796648
2015,E07000048,23.180279569372903
2015,E07000049,36.56524167271467
2015,E07000050,31.065072228933822
2015,E07000051,20.503285423496337
2015,E07000052,62.857618050030325
2015,E07000053,21.944039541688877
2015,E07000061,49.807508652040205
2015,E07000062,41.341265844742225
2015,E07000063,42.56154625141328
2015,E07000064,34.63146453598632
2015,E07000065,68.5025729926554
2015,E07000066,91.22601106952031
2015,E07000067,66.6338620639105
2015,E07000068,39.60505194335308
2015,E07000069,24.313117910016107
2015,E07000070,101.67540843050101
2015,E07000071,95.44942279778684
2015,E07000072,62.61545557392382
2015,E07000073,45.814087352286236
2015,E07000074,23.790191642240117
2015,E07000075,30.013681409625537
2015,E07000076,46.80165941906361
2015,E07000077,50.98944010411891
2015,E07000078,69.71137725317716
2015,E07000079,49.598865839843086
2015,E07000080,28.889061203319006
2015,E07000081,68.37725506820928
2015,E07000082,58.95412281977361
2015,E07000083,52.97631395054582
2015,E07000084,92.86738980170564
2015,E07000085,52.84058291896673
2015,E07000086,79.94109493545228
2015,E07000087,56.95443471697784
2015,E07000088,26.47986880639885
2015,E07000089,47.31927227166755
2015,E07000090,51.27810309401832
2015,E07000091,83.73122207222379
2015,E07000092,55.92327310312834
2015,E07000093,65.08385421691027
2015,E07000094,93.75425562214348
2015,E07000095,40.299729510827106
2015,E07000096,78.91403745910128
2015,E07000098,60.71689538690687
2015,E07000099,55.891625782875934
2015,E07000102,49.86331087005963
2015,E07000103,99.51254329535672
2015,E07000105,72.43117558996504
2015,E07000106,85.15054945395335
2015,E07000107,65.2451964104579
2015,E07000108,44.22687362470387
2015,E07000109,42.168777050629984
2015,E07000110,89.52597214535919
2015,E07000111,68.0659111665478
2015,E07000112,45.444201284209754
2015,E07000113,58.53671991867238
2015,E07000114,57.07333808165558
2015,E07000115,67.18621448413003
2015,E07000116,65.62910427908668
2015,E07000117,40.32836009205533
2015,E07000118,44.77968178047339
2015,E07000119,47.811415519276856
2015,E07000120,32.979299428906835
2015,E07000121,63.05349549522642
2015,E07000122,35.48944150501076
2015,E07000123,90.71558062497098
2015,E07000124,30.322841031789626
2015,E07000125,21.30289021484564
2015,E07000126,57.82228003593029
2015,E07000127,54.26261370236486
2015,E07000128,37.644247557952525
2015,E07000129,65.93741271534827
2015,E07000130,73.97265958790324
2015,E07000131,48.18267415108938
2015,E07000132,49.61846626424689
2015,E07000133,25.101673867769954
2015,E07000134,65.45946880683374
2015,E07000135,21.88307805945688
2015,E07000136,36.91225412877357
2015,E07000137,57.45171730834802
2015,E07000138,59.665554116496175
2015,E07000139,48.846748016816996
2015,E07000140,43.210418561216066
2015,E07000141,69.97831843876737
2015,E07000142,33.46883098332033
2015,E07000143,51.91844577014699
2015,E07000144,58.46348289945515
2015,E07000145,40.497812089337856
2015,E07000146,65.3937667920901
2015,E07000147,40.2022534342875
2015,E07000148,96.71636510779854
2015,E07000149,60.5873646854423
2015,E07000150,36.56977599881484
2015,E07000151,46.55800358702961
2015,E07000152,36.44001768464276
2015,E07000153,53.84696722534353
2015,E07000154,150.43059389215082
2015,E07000155,44.40208665657987
2015,E07000156,40.24737707632404
2015,E07000163,35.79118187825122
2015,E07000164,48.94331738545628
2015,E07000165,92.07304740698933
2015,E07000166,24.02317113616583
2015,E07000167,29.462540060857393
2015,E07000168,50.8642849332578
2015,E07000169,39.97578395319593
2015,E07000170,60.59413948660814
2015,E07000171,56.207487211854165
2015,E07000172,48.131060485666325
2015,E07000173,41.11272351526369
2015,E07000174,45.98389309989219
2015,E07000175,60.250841017858086
2015,E07000176,49.11960180769887
2015,E07000177,90.81181709036606
2015,E07000178,130.91722320885356
2015,E07000179,73.22009582878218
2015,E07000180,74.85464984818061
2015,E07000181,57.407783747730925
2015,E07000187,58.586552939277176
2015,E07000188,54.28232536801093
2015,E07000189,79.84988713979779
2015,E07000190,66.43584664870909
2015,E07000191,15.134172438922054
2015,E07000192,46.65984701508193
2015,E07000193,67.26291240526048
2015,E07000194,53.9274453177058
2015,E07000195,55.102646912740546
2015,E07000196,43.639429060332375
2015,E07000197,72.1681768944488
2015,E07000198,32.509606690724056
2015,E07000199,30.914210087169057
2015,E07000200,36.86066945739191
2015,E07000201,29.659207541547254
2015,E07000202,77.71525073577521
2015,E07000203,42.34866151162201
2015,E07000204,69.74101728126558
2015,E07000205,62.45434605229282
2015,E07000206,43.38918738795308
2015,E07000207,71.57425103485077
2015,E07000208,35.145845283360266
2015,E07000209,95.29299164664332
2015,E07000210,51.455362034842494
2015,E07000211,81.0848132156939
2015,E07000212,66.9734939208661
2015,E07000213,44.772613124114734
2015,E07000214,64.44389199122932
2015,E07000215,38.559130805867994
2015,E07000216,67.93944786275038
2015,E07000217,55.692420598926006
2015,E07000218,53.31525858347048
2015,E07000219,51.438887263581876
2015,E07000220,56.8848421376384
2015,E07000221,84.46920412026077
2015,E07000222,99.25805121115258
2015,E07000223,22.929388041561776
2015,E07000224,59.06447377509062
2015,E07000225,77.16814968526718
2015,E07000226,106.73184808127075
2015,E07000227,71.53094520166131
2015,E07000228,75.38689303885504
2015,E07000229,55.317740411868435
2015,E07000234,71.44123948851478
2015,E07000235,32.75822806572093
2015,E07000236,41.34613859837733
2015,E07000237,58.84550425196814
2015,E07000238,62.82580967971234
2015,E07000239,40.88335170425273
2015,E07000240,84.15157874236414
2015,E07000241,100.07842751321843
2015,E07000242,81.70694632045459
2015,E07000243,51.22757716299223
2015,E08000001,124.6242817318598
2015,E08000002,76.95056725339344
2015,E08000003,412.8708963730801
2015,E08000004,98.72270561052332
2015,E08000005,81.03455605309921
2015,E08000006,136.71330021338824
2015,E08000007,142.64191106564107
2015,E08000008,76.54239218617775
2015,E08000009,161.7002164801394
2015,E08000010,118.74168887612086
2015,E08000011,71.58067098137784
2015,E08000012,259.2881500220481
2015,E08000013,68.37386339538025
2015,E08000014,103.71504509614063
2015,E08000015,120.3586690846403
2015,E08000016,88.11362293122137
2015,E08000017,136.19074223523708
2015,E08000018,111.88628217420947
2015,E08000019,284.34666759396947
2015,E08000021,192.75600020469994
2015,E08000022,91.45738947462205
2015,E08000023,47.17882452747199
2015,E08000024,128.04035192618923
2015,E08000025,582.7185701390591
2015,E08000026,176.56348510477153
2015,E08000027,130.6708471707914
2015,E08000028,147.80617435421988
2015,E08000029,129.40816865117216
2015,E08000030,124.13317141203434
2015,E08000031,111.75986061568022
2015,E08000032,233.93825912551586
2015,E08000033,109.3271114889301
2015,E08000034,184.04763826461792
2015,E08000035,485.7257861843394
2015,E08000036,166.87030542195504
2015,E08000037,99.00994330402659
2015,E09000001,493.01731125494723
2015,E09000002,69.16455714457598
2015,E09000003,165.50842096669393
2015,E09000004,87.09919563632825
2015,E09000005,153.82949998362298
2015,E09000006,128.5680391714586
2015,E09000007,384.40234380261955
2015,E09000008,152.2016186729101
2015,E09000009,164.90224351402924
2015,E09000010,121.39754053076405
2015,E09000011,98.04727324021748
2015,E09000012,137.9413212198143
2015,E09000013,151.0126798822613
2015,E09000014,97.06236385525617
2015,E09000015,98.33741628686508
2015,E09000016,96.49200790745279
2015,E09000017,211.5861367519981
2015,E09000018,176.4332674581919
2015,E09000019,243.94349938677925
2015,E09000020,154.00889989743274
2015,E09000021,97.5907885086569
2015,E09000022,172.4396761440842
2015,E09000023,93.00005601337215
2015,E09000024,100.61637210886124
2015,E09000025,129.52070323309763
2015,E09000026,103.12678178010282
2015,E09000027,102.55464818505293
2015,E09000028,259.63902490031944
2015,E09000029,83.86098379093967
2015,E09000030,301.5914263724441
2015,E09000031,95.82493851421943
2015,E09000032,142.4633646553948
2015,E09000033,708.4327296198506
2015,N09000001,0.0
2015,N09000002,0.0
2015,N09000003,0.0
2015,N09000004,0.0
2015,N09000005,0.0
2015,N09000006,0.0
2015,N09000007,0.0
2015,N09000008,0.0
2015,N09000009,0.0
2015,N09000010,0.0
2015,N09000011,0.0
2015,S12000005,15.631477524234954
2015,S12000006,73.25991946127601
2015,S12000008,47.363147885002114
2015,S12000010,37.16829324882363
2015,S12000011,27.213647110239652
2015,S12000013,12.36603105557015
2015,S12000014,69.13204672199063
2015,S12000015,149.50962345842026
2015,S12000017,127.25693851582278
2015,S12000018,31.95413494376237
2015,S12000019,35.160861568364474
2015,S12000020,41.97326321036707
2015,S12000021,46.52014806034443
2015,S12000023,13.420660023649381
2015,S12000024,73.85928238599737
2015,S12000026,52.735665364979496
2015,S12000027,15.474385936317084
2015,S12000028,52.19138611403945
2015,S12000029,130.48739171204537
2015,S12000030,53.379541697867225
2015,S12000033,185.44643661611062
2015,S12000034,128.773032993208
2015,S12000035,43.715361428168464
2015,S12000036,356.25262388721603
2015,S12000038,93.17929606221414
2015,S12000039,33.44222224499965
2015,S12000040,85.15313733389235
2015,S12000041,43.005445852433795
2015,S12000042,82.28735658731608
2015,S12000044,143.01730670208698
2015,S12000045,31.322275394319764
2015,S12000046,453.76143968723983
2015,W06000001,27.756560191511
2015,W06000002,72.31636830818854
2015,W06000003,55.436557482043476
2015,W06000004,50.21435172784657
2015,W06000005,82.12052306702509
2015,W06000006,66.0065794885977
2015,W06000008,37.71490176965449
2015,W06000009,58.6836898221934
2015,W06000010,86.21297123113014
2015,W06000011,126.08422533275443
2015,W06000012,55.283113282403306
2015,W06000013,65.44387183127145
2015,W06000014,52.44220764281389
2015,W06000015,239.77682831323125
2015,W06000016,89.48022549841062
2015,W06000018,61.3645806360945
2015,W06000019,22.361901934023273
2015,W06000020,41.66616570477448
2015,W06000021,47.7882132911169
2015,W06000022,84.37059123577107
2015,W06000023,71.73217321567398
2015,W06000024,25.208969595833914
2018,E06000001,31.700648526376433
2018,E06000002,67.17676000555
2018,E06000003,43.392634020708606
2018,E06000004,90.09084073905026
2018,E06000005,51.91307416063419
2018,E06000006,65.70369191438459
2018,E06000007,146.01963314863872
2018,E06000008,71.37042824504995
2018,E06000009,67.6964267945542
2018,E06000010,134.45834532464886
2018,E06000011,151.6772921302456
2018,E06000012,75.18830547065167
2018,E06000013,78.36992039215279
2018,E06000014,118.45678967878122
2018,E06000015,144.1591430083119
2018,E06000016,183.35412918346782
2018,E06000017,19.503192271384005
2018,E06000018,241.50846898093636
2018,E06000019,100.6803249333
2018,E06000020,96.13946743466848
2018,E06000021,132.84619625645763
2018,E06000022,105.36910387403526
2018,E06000023,307.07826145204456
2018,E06000024,104.34835530145826
2018,E06000025,165.3098184566795
2018,E06000026,126.98207215432022
2018,E06000027,60.15663240779488
2018,E06000028,102.1830526879122
2018,E06000029,90.13210310905978
2018,E06000030,260.06189645476104
2018,E06000031,254.05244761592124
2018,E06000032,218.7221987979573
2018,E06000033,75.36927578698845
2018,E06000034,75.67506041983954
2018,E06000035,111.21944713735027
2018,E06000036,72.43587665099983
2018,E06000037,113.3878966684253
2018,E06000038,118.1957095887186
2018,E06000039,95.12904632924821
2018,E06000040,95.08383159879348
2018,E06000041,102.2632842522909
2018,E06000042,406.8194088774579
2018,E06000043,171.23576462986182
2018,E06000044,122.04242725258354
2018,E06000045,127.87849863938492
2018,E06000046,62.755416589375116
2018,E06000047,193.2590216825898
2018,E06000049,218.33716631190816
2018,E06000050,186.6860218088081
2018,E06000051,155.92676929639066
2018,E06000052,279.98552774976264
2018,E06000053,1.3556775480818706
2018,E06000054,242.53265103500684
2018,E06000055,172.00788126703435
2018,E06000056,238.12839171118353
2018,E06000057,122.98440315698195
2018,E07000004,202.6766345949332
2018,E07000005,94.77670642110802
2018,E07000006,94.96558472210482
2018,E07000007,201.2174877357778
2018,E07000008,218.2768709006729
2018,E07000009,79.7747894385336
2018,E07000010,82.93892812500904
2018,E07000011,161.14019457695957
2018,E07000012,198.76722442296716
2018,E07000026,41.60541750813206
2018,E07000027,32.998467411679066
2018,E07000028,61.603971523609985
2018,E07000029,37.623575358877744
2018,E07000030,30.042925371691464
2018,E07000031,58.857313444604976
2018,E07000032,56.679356823418374
2018,E07000033,31.97647627313901
2018,E07000034,54.947486575155565
2018,E07000035,43.5249290148118
2018,E07000036,45.11038225971618
2018,E07000037,37.7737186134956
2018,E07000038,31.464074536871717
2018,E07000039,38.17904204078392
2018,E07000040,57.96363038058268
2018,E07000041,105.06476681471293
2018,E07000042,35.6452267773475
2018,E07000043,59.83000635778237
2018,E07000044,47.02605306388366
2018,E07000045,58.77518105334007
2018,E07000046,27.561815826139377
2018,E07000047,22.938394585820802
2018,E07000048,23.45846376575816
2018,E07000049,37.016433427407904
2018,E07000050,31.47918477634328
2018,E07000051,20.676399294858943
2018,E07000052,63.87315085436608
2018,E07000053,22.22638937859659
2018,E07000061,50.3004386750274
2018,E07000062,41.559823413434955
2018,E07000063,42.89859951657656
2018,E07000064,34.84168667596583
2018,E07000065,69.19663671259768
2018,E07000066,93.00957596624583
2018,E07000067,67.3954286550984
2018,E07000068,40.16886782187885
2018,E07000069,24.73517272877748
2018,E07000070,103.76125624246636
2018,E07000071,96.94551294365945
2018,E07000072,63.6850319241003
2018,E07000073,46.547945660855845
2018,E07000074,24.146865232161026
2018,E07000075,30.48562605746164
2018,E07000076,47.31707518352385
2018,E07000077,51.83958721935446
2018,E07000078,70.9547395099433
2018,E07000079,50.246257385214385
2018,E07000080,29.132261482254087
2018,E07000081,69.2777858583325
2018,E07000082,59.53171378158954
2018,E07000083,53.76080673040863
2018,E07000084,93.63398645800095
2018,E07000085,53.327150731330114
2018,E07000086,80.56669356983065
2018,E07000087,57.292211895379474
2018,E07000088,26.715910031237698
2018,E07000089,47.966036765198766
2018,E07000090,51.87804227551415
2018,E07000091,84.57780799171702
2018,E07000092,56.340145511236635
2018,E07000093,65.49443265766196
2018,E07000094,94.89512788000872
2018,E07000095,40.837174203959286
2018,E07000096,79.52267641737808
2018,E07000098,61.436494683147345
2018,E07000099,112.8292811758888
2018,E07000102,50.93284484854605
2018,E07000103,101.08066494901519
2018,E07000105,73.25145736175176
2018,E07000106,86.25141778993971
2018,E07000107,66.13451549654773
2018,E07000108,44.41234625180021
2018,E07000109,42.49566734114244
2018,E07000110,90.17879623786688
2018,E07000111,68.92018023576769
2018,E07000112,45.760662446357884
2018,E07000113,59.002914627966135
2018,E07000114,57.49733940081649
2018,E07000115,67.86589510073398
2018,E07000116,65.95896868473876
2018,E07000117,40.5745134281964
2018,E07000118,45.477346528598474
2018,E07000119,48.06354748439261
2018,E07000120,33.31113124587419
2018,E07000121,63.71792029582589
2018,E07000122,35.79082662071587
2018,E07000123,91.50238491330782
2018,E07000124,30.687178186167777
2018,E07000125,21.427014324051758
2018,E07000126,58.637478334827186
2018,E07000127,54.94400677310284
2018,E07000128,38.00975923368107
2018,E07000129,66.73920510771288
2018,E07000130,74.51629294002733
2018,E07000131,48.60408349223274
2018,E07000132,49.914902289711165
2018,E07000133,25.187150939198695
2018,E07000134,66.04031073161309
2018,E07000135,22.026984044846216
2018,E07000136,37.28321893837014
2018,E07000137,57.892309249809315
2018,E07000138,60.19296335126846
2018,E07000139,49.51767347130478
2018,E07000140,43.970439629591205
2018,E07000141,70.85578740419584
2018,E07000142,33.697213397909536
2018,E07000143,52.4561592604464
2018,E07000144,59.250804627336265
2018,E07000145,40.955179389422746
2018,E07000146,66.15754717955159
2018,E07000147,40.70657012544948
2018,E07000148,97.71535732148689
2018,E07000149,62.036757666590574
2018,E07000150,73.80312162259736
2018,E07000151,94.17815049703451
2018,E07000152,73.5053914540871
2018,E07000153,109.23129755495778
2018,E07000154,303.6356850251472
2018,E07000155,90.14928822919269
2018,E07000156,80.95391342051266
2018,E07000163,36.12181515306325
2018,E07000164,49.23992097654901
2018,E07000165,93.14117354172603
2018,E07000166,24.280921451576535
2018,E07000167,29.56648975464849
2018,E07000168,51.28743658152454
2018,E07000169,40.29398762053021
2018,E07000170,61.48110277327435
2018,E07000171,56.7642422591349
2018,E07000172,48.58730578744717
2018,E07000173,41.48554882660635
2018,E07000174,46.471431793144866
2018,E07000175,61.29262609303856
2018,E07000176,49.54983691139863
2018,E07000177,183.1052856670915
2018,E07000178,265.14966043048423
2018,E07000179,147.81016085509006
2018,E07000180,151.06420225946314
2018,E07000181,115.93905318245088
2018,E07000187,59.313503466069065
2018,E07000188,54.695407609097515
2018,E07000189,81.06399546888092
2018,E07000190,67.4212026831698
2018,E07000191,15.337536243809234
2018,E07000192,47.3377279087578
2018,E07000193,68.31243831154558
2018,E07000194,54.792973190612386
2018,E07000195,55.858980951764906
2018,E07000196,44.23448908263877
2018,E07000197,73.0989159769525
2018,E07000198,32.9187439988067
2018,E07000199,31.197249989185565
2018,E07000200,37.28103005172618
2018,E07000201,29.88751562823416
2018,E07000202,78.57689160904083
2018,E07000203,42.989377806847926
2018,E07000204,70.88561574632057
2018,E07000205,63.261702594081626
2018,E07000206,43.71067373930686
2018,E07000207,71.94110948516825
2018,E07000208,35.417825970207865
2018,E07000209,96.23454020336223
2018,E07000210,51.78086241670375
2018,E07000211,81.87679243040787
2018,E07000212,67.77727728642122
2018,E07000213,45.03285894042383
2018,E07000214,64.90437060885088
2018,E07000215,38.939141645702534
2018,E07000216,68.82921801082026
2018,E07000217,56.051499490528045
2018,E07000218,54.10204118744491
2018,E07000219,52.0744244041301
2018,E07000220,57.51667020920684
2018,E07000221,84.99938652436799
2018,E07000222,100.33989987828438
2018,E07000223,23.06286221112723
2018,E07000224,59.36496595658414
2018,E07000225,77.5161026890603
2018,E07000226,107.19905221651042
2018,E07000227,71.870779951974
2018,E07000228,75.64519234919266
2018,E07000229,55.461608575466975
2018,E07000234,72.32859600701188
2018,E07000235,33.086976171306
2018,E07000236,41.669708734813454
2018,E07000237,59.61027576835395
2018,E07000238,63.221894786507974
2018,E07000239,41.14629496114363
2018,E07000240,85.45531376254912
2018,E07000241,101.78474185839119
2018,E07000242,82.53583825783967
2018,E07000243,103.45928311639508
2018,E08000001,125.37178515667026
2018,E08000002,77.83726270681558
2018,E08000003,420.0310300020098
2018,E08000004,99.62889179627182
2018,E08000005,81.63861584036634
2018,E08000006,137.85883761859824
2018,E08000007,144.0129678293473
2018,E08000008,77.14871435886963
2018,E08000009,163.24187396435906
2018,E08000010,119.93280237093623
2018,E08000011,72.5762770743082
2018,E08000012,263.4774348449509
2018,E08000013,69.13840039857548
2018,E08000014,104.88482382223424
2018,E08000015,121.56642410016848
2018,E08000016,89.16481287264024
2018,E08000017,138.16392896511667
2018,E08000018,113.09060698008986
2018,E08000019,288.05479647456957
2018,E08000021,195.72638048428277
2018,E08000022,92.7769773544802
2018,E08000023,47.630582773175156
2018,E08000024,129.1088460954766
2018,E08000025,588.6767131979592
2018,E08000026,177.93505746421857
2018,E08000027,131.61761981702014
2018,E08000028,148.82849005043906
2018,E08000029,130.73085824825603
2018,E08000030,125.55838853104574
2018,E08000031,112.9514772729346
2018,E08000032,235.36581589146184
2018,E08000033,110.34468273459039
2018,E08000034,185.37575769692018
2018,E08000035,490.27974751348603
2018,E08000036,168.78032218954618
2018,E08000037,99.83413049415486
2018,E09000001,500.0744069454004
2018,E09000002,69.75661811177235
2018,E09000003,167.28849986658852
2018,E09000004,87.78806258997743
2018,E09000005,155.380151930266
2018,E09000006,130.1513968218845
2018,E09000007,391.3737326548886
2018,E09000008,153.39785304586877
2018,E09000009,166.3820098805359
2018,E09000010,122.47695602949437
2018,E09000011,99.50407973811853
2018,E09000012,141.03790634165946
2018,E09000013,153.29862327405993
2018,E09000014,98.6349871373661
2018,E09000015,99.48499647018826
2018,E09000016,97.32148525992518
2018,E09000017,213.8080422241036
2018,E09000018,178.0953181364524
2018,E09000019,249.14112593356816
2018,E09000020,155.57312094195106
2018,E09000021,98.84268492152324
2018,E09000022,175.42672992384513
2018,E09000023,93.96879516219406
2018,E09000024,101.6620226210128
2018,E09000025,131.50962013801646
2018,E09000026,104.38566261615149
2018,E09000027,104.16108022498837
2018,E09000028,264.6082846222739
2018,E09000029,84.77303047419718
2018,E09000030,308.03958758705085
2018,E09000031,97.15257836844478
2018,E09000032,144.15878281431475
2018,E09000033,715.0765869919072
2018,N09000001,0.0
2018,N09000002,0.0
2018,N09000003,0.0
2018,N09000004,0.0
2018,N09000005,0.0
2018,N09000006,0.0
2018,N09000007,0.0
2018,N09000008,0.0
2018,N09000009,0.0
2018,N09000010,0.0
2018,N09000011,0.0
2018,S12000005,15.866646980259643
2018,S12000006,74.55713196931755
2018,S12000008,48.62506605566637
2018,S12000010,37.72287680954225
2018,S12000011,27.746706837914395
2018,S12000013,12.480461903209456
2018,S12000014,70.3811647627329
2018,S12000015,151.08811147366066
2018,S12000017,129.3000385848146
2018,S12000018,32.518788517713354
2018,S12000019,35.60308977818592
2018,S12000020,42.55344423702156
2018,S12000021,46.81885474291549
2018,S12000023,13.695301905189138
2018,S12000024,74.48525123364443
2018,S12000026,53.514861655892
2018,S12000027,15.633438932860455
2018,S12000028,53.0485079467597
2018,S12000029,131.74809432781123
2018,S12000030,54.19861811107394
2018,S12000033,187.28796440133965
2018,S12000034,129.7322194693941
2018,S12000035,44.20509564224151
2018,S12000036,361.14114259747674
2018,S12000038,94.23411137916003
2018,S12000039,34.256671226814134
2018,S12000040,86.96210701634438
2018,S12000041,43.31747366387863
2018,S12000042,83.4784516349087
2018,S12000044,146.7782246741286
2018,S12000045,31.48649505125979
2018,S12000046,460.73052803777324
2018,W06000001,28.072443154152545
2018,W06000002,73.26485754245584
2018,W06000003,56.0313825799352
2018,W06000004,50.842706119325875
2018,W06000005,82.65984280787293
2018,W06000006,66.65176372385264
2018,W06000008,38.26219537435407
2018,W06000009,59.62875077703677
2018,W06000010,87.20845352856371
2018,W06000011,127.53417165047853
2018,W06000012,55.60627124213551
2018,W06000013,66.21882740679224
2018,W06000014,52.76289185065742
2018,W06000015,243.28388684391433
2018,W06000016,90.32677965631872
2018,W06000018,61.72253535414969
2018,W06000019,22.5928490385178
2018,W06000020,41.983482690411634
2018,W06000021,48.1820367807273
2018,W06000022,85.28965031185949
2018,W06000023,72.27263885075212
2018,W06000024,25.56000546151506
2020,E06000001,31.992455603339685
2020,E06000002,67.71396748771049
2020,E06000003,43.685274129917815
2020,E06000004,90.83582391162578
2020,E06000005,52.31284225181204
2020,E06000006,66.03182883228534
2020,E06000007,147.4281143628507
2020,E06000008,71.93075040954076
2020,E06000009,68.4689949841297
2020,E06000010,134.96934125982625
2020,E06000011,152.92449269831576
2020,E06000012,75.47714293033826
2020,E06000013,78.52267566402838
2020,E06000014,119.55894696180117
2020,E06000015,145.4136991327347
2020,E06000016,184.29245963163592
2020,E06000017,19.589499056844243
2020,E06000018,243.4383608346651
2020,E06000019,101.38474768366001
2020,E06000020,97.05724869438625
2020,E06000021,133.59800920334658
2020,E06000022,106.38967444196544
2020,E06000023,309.8235441714464
2020,E06000024,105.2054159772009
2020,E06000025,167.10508980945596
2020,E06000026,128.23523451626988
2020,E06000027,60.6775538793719
2020,E06000028,103.1709281260384
2020,E06000029,90.9563649408402
2020,E06000030,261.40304330006666
2020,E06000031,257.15742981153335
2020,E06000032,221.52944247192468
2020,E06000033,76.22799882370482
2020,E06000034,76.56214494765982
2020,E06000035,111.73818458474008
2020,E06000036,72.8227974113586
2020,E06000037,114.04246769040297
2020,E06000038,119.00114000168928
2020,E06000039,95.6364018882845
2020,E06000040,95.68246812495295
2020,E06000041,103.41268072169717
2020,E06000042,419.8737088408559
2020,E06000043,172.54446300284891
2020,E06000044,122.53075515695272
2020,E06000045,128.54916426774483
2020,E06000046,63.067348288579126
2020,E06000047,194.18569245244333
2020,E06000049,220.48532219369378
2020,E06000050,188.3129396448966
2020,E06000051,157.59829665998473
2020,E06000052,282.97142521360786
2020,E06000053,1.3703404415644418
2020,E06000054,244.6909345892594
2020,E06000055,177.44258745938387
2020,E06000056,245.9142716853882
2020,E06000057,123.88545115962745
2020,E07000004,208.52859376115796
2020,E07000005,95.19135210413172
2020,E07000006,95.3765182516551
2020,E07000007,201.7778002622648
2020,E07000008,226.22003406198496
2020,E07000009,81.40301493448207
2020,E07000010,83.56100672491849
2020,E07000011,163.949027500863
2020,E07000012,206.74631484966608
2020,E07000026,41.91161711313074
2020,E07000027,33.15802157552877
2020,E07000028,62.03628424971113
2020,E07000029,37.744033413909406
2020,E07000030,30.3529872976612
2020,E07000031,59.450612973431106
2020,E07000032,56.762358226552166
2020,E07000033,32.19755332983147
2020,E07000034,55.06472052825688
2020,E07000035,43.7342414591134
2020,E07000036,45.27978416892117
2020,E07000037,37.82568832723224
2020,E07000038,31.51660671558697
2020,E07000039,38.40110930956751
2020,E07000040,58.42955421710419
2020,E07000041,106.23793532111513
2020,E07000042,35.8812364516117
2020,E07000043,60.454646620692614
2020,E07000044,47.440046620101526
2020,E07000045,59.21196407218241
2020,E07000046,27.74543960330579
2020,E07000047,23.137470284390343
2020,E07000048,23.643919896681677
2020,E07000049,37.317227930536724
2020,E07000050,31.7552598079496
2020,E07000051,20.791808542434012
2020,E07000052,64.55017272392327
2020,E07000053,22.41462260320173
2020,E07000061,50.62905869035223
2020,E07000062,41.70552845923013
2020,E07000063,43.123301693352076
2020,E07000064,34.98183476928551
2020,E07000065,69.65934585922584
2020,E07000066,94.19861923072956
2020,E07000067,67.90313971589036
2020,E07000068,40.54474507422937
2020,E07000069,25.016542607951738
2020,E07000070,105.15182145044324
2020,E07000071,97.94290637424122
2020,E07000072,64.39808282421795
2020,E07000073,47.03718453323558
2020,E07000074,24.38464762544163
2020,E07000075,30.800255822685706
2020,E07000076,47.660685693164005
2020,E07000077,52.40635196284481
2020,E07000078,71.78364768112073
2020,E07000079,50.67785174879526
2020,E07000080,29.29439500154414
2020,E07000081,69.87813971841464
2020,E07000082,59.91677442280018
2020,E07000083,54.28380191698383
2020,E07000084,94.14505089553113
2020,E07000085,53.6515292729057
2020,E07000086,80.98375932608283
2020,E07000087,57.51739668098058
2020,E07000088,26.873270847796917
2020,E07000089,48.39721309421958
2020,E07000090,52.27800172984469
2020,E07000091,85.14219860471249
2020,E07000092,56.618060449975474
2020,E07000093,65.76815161816309
2020,E07000094,95.65570938525224
2020,E07000095,41.1954706660474
2020,E07000096,79.92843572289593
2020,E07000098,61.916227547307656
2020,E07000099,113.52663424931342
2020,E07000102,51.64586750087034
2020,E07000103,102.1260793847875
2020,E07000105,73.79831187627623
2020,E07000106,86.98533001393061
2020,E07000107,66.72739488727431
2020,E07000108,44.53599466986444
2020,E07000109,42.71359420148407
2020,E07000110,90.61401229953863
2020,E07000111,69.48969294858095
2020,E07000112,45.97163655445662
2020,E07000113,59.31371110082864
2020,E07000114,57.780006946923734
2020,E07000115,68.3190155118033
2020,E07000116,66.17887828850681
2020,E07000117,40.73861565229043
2020,E07000118,45.94245636068186
2020,E07000119,48.23163546113648
2020,E07000120,33.53235245718577
2020,E07000121,64.16087016289222
2020,E07000122,35.99175003118595
2020,E07000123,92.02692110553234
2020,E07000124,30.930069622419875
2020,E07000125,21.50976373018916
2020,E07000126,59.18094386742513
2020,E07000127,55.39826882026152
2020,E07000128,38.253433684166765
2020,E07000129,67.27373336928927
2020,E07000130,74.87871517477677
2020,E07000131,48.885023052994995
2020,E07000132,50.1125263066873
2020,E07000133,25.24413565348453
2020,E07000134,66.427538681466
2020,E07000135,22.12292136843912
2020,E07000136,37.53052881143449
2020,E07000137,58.18603721078352
2020,E07000138,60.54456950778332
2020,E07000139,49.96495710762996
2020,E07000140,44.47712034184133
2020,E07000141,71.4407667144815
2020,E07000142,33.84946834096901
2020,E07000143,52.814634920645986
2020,E07000144,59.775685779257024
2020,E07000145,41.26009092281267
2020,E07000146,66.66673410452591
2020,E07000147,41.04278125289081
2020,E07000148,98.38135213061247
2020,E07000149,63.003019654022786
2020,E07000150,74.24550137257579
2020,E07000151,94.88624604568469
2020,E07000152,73.92229551062152
2020,E07000153,110.25620629113827
2020,E07000154,305.4853498523776
2020,E07000155,91.046031506548
2020,E07000156,81.26001959908902
2020,E07000163,36.34223733627127
2020,E07000164,49.43765670394415
2020,E07000165,93.8532576315505
2020,E07000166,24.45275499518368
2020,E07000167,29.635789550509216
2020,E07000168,51.569537680369045
2020,E07000169,40.50612339875307
2020,E07000170,62.0724116310518
2020,E07000171,57.13541229065541
2020,E07000172,48.89146932196773
2020,E07000173,41.73409903416812
2020,E07000174,46.79645758864665
2020,E07000175,61.9871494764922
2020,E07000176,49.836660313865146
2020,E07000177,188.45470174752083
2020,E07000178,273.74651646980806
2020,E07000179,150.19596310986742
2020,E07000180,153.60454619181255
2020,E07000181,117.67976018301212
2020,E07000187,59.798137150597
2020,E07000188,54.97079576982191
2020,E07000189,81.873401021603
2020,E07000190,68.0781067061436
2020,E07000191,15.47311211373402
2020,E07000192,47.78964850454173
2020,E07000193,69.012122249069
2020,E07000194,55.369991772550115
2020,E07000195,56.363203644447815
2020,E07000196,44.63119576417632
2020,E07000197,73.71940869862163
2020,E07000198,33.19150220419512
2020,E07000199,31.385943257196573
2020,E07000200,37.561270447949
2020,E07000201,30.039721019358755
2020,E07000202,79.15131885788455
2020,E07000203,43.41652200366521
2020,E07000204,71.64868138969055
2020,E07000205,63.7999402886075
2020,E07000206,43.9249979735427
2020,E07000207,72.18568178537988
2020,E07000208,35.599146428106266
2020,E07000209,96.86223924117479
2020,E07000210,51.997862671277915
2020,E07000211,82.40477857355052
2020,E07000212,68.31313286345797
2020,E07000213,45.20635615129653
2020,E07000214,65.21135635393193
2020,E07000215,39.19248220559222
2020,E07000216,69.42239810953349
2020,E07000217,56.290885418262754
2020,E07000218,54.62656292342788
2020,E07000219,52.498115831162245
2020,E07000220,57.93788892358581
2020,E07000221,85.3528414604395
2020,E07000222,101.06113232303896
2020,E07000223,23.151844990837535
2020,E07000224,59.56529407757982
2020,E07000225,77.74807135825571
2020,E07000226,107.51052164000346
2020,E07000227,72.09733645218247
2020,E07000228,75.81739188941775
2020,E07000229,55.557520684532655
2020,E07000234,72.92016701934327
2020,E07000235,33.30614157502938
2020,E07000236,41.885422159104195
2020,E07000237,60.12012344594451
2020,E07000238,63.48595152437171
2020,E07000239,41.32159046573755
2020,E07000240,86.32447044267248
2020,E07000241,102.922284755173
2020,E07000242,83.08843288276306
2020,E07000243,104.12870231000215
2020,E08000001,125.87012077321056
2020,E08000002,78.428393009097
2020,E08000003,424.80445242129616
2020,E08000004,100.23301592010411
2020,E08000005,82.04132236521114
2020,E08000006,138.62252922207153
2020,E08000007,144.9270056718181
2020,E08000008,77.5529291406642
2020,E08000009,164.26964562050557
2020,E08000010,120.72687803414644
2020,E08000011,73.24001446959508
2020,E08000012,266.2702913935527
2020,E08000013,69.64809173403899
2020,E08000014,105.66467630629664
2020,E08000015,122.37159411052058
2020,E08000016,89.86560616691949
2020,E08000017,139.47938678503635
2020,E08000018,113.8934901840101
2020,E08000019,290.5268823949697
2020,E08000021,197.70663400400468
2020,E08000022,93.65670260771897
2020,E08000023,47.93175493697726
2020,E08000024,129.8211755416682
2020,E08000025,592.6488085705591
2020,E08000026,178.8494390371833
2020,E08000027,132.24880158117264
2020,E08000028,149.5100338479185
2020,E08000029,131.61265131297856
2020,E08000030,126.50853327705336
2020,E08000031,113.74588837777087
2020,E08000032,236.31752040209238
2020,E08000033,111.02306356503061
2020,E08000034,186.26117065178838
2020,E08000035,493.31572173291704
2020,E08000036,170.05366670127367
2020,E08000037,100.38358862090706
2020,E09000001,504.77913740570256
2020,E09000002,70.15132542323661
2020,E09000003,168.4752191331849
2020,E09000004,88.24730722574363
2020,E09000005,156.41391989469466
2020,E09000006,131.2069685888351
2020,E09000007,396.02132522306795
2020,E09000008,154.19534262784123
2020,E09000009,167.36852079154033
2020,E09000010,123.19656636198127
2020,E09000011,100.47528407005257
2020,E09000012,143.10229642288962
2020,E09000013,154.82258553525907
2020,E09000014,99.68340265877274
2020,E09000015,100.25004992573709
2020,E09000016,97.87447016157346
2020,E09000017,215.2893125388405
2020,E09000018,179.20335192195938
2020,E09000019,252.60621029809408
2020,E09000020,156.61593497162988
2020,E09000021,99.67728253010078
2020,E09000022,177.41809911035241
2020,E09000023,94.61462126140867
2020,E09000024,102.35912296244719
2020,E09000025,132.83556474129568
2020,E09000026,105.22491650685063
2020,E09000027,105.23203491827861
2020,E09000028,267.92112443691025
2020,E09000029,85.38106159636887
2020,E09000030,312.3383617301221
2020,E09000031,98.03767160459499
2020,E09000032,145.28906158692806
2020,E09000033,719.5058252399448
2020,N09000001,0.0
2020,N09000002,0.0
2020,N09000003,0.0
2020,N09000004,0.0
2020,N09000005,0.0
2020,N09000006,0.0
2020,N09000007,0.0
2020,N09000008,0.0
2020,N09000009,0.0
2020,N09000010,0.0
2020,N09000011,0.0
2020,S12000005,16.023426617609427
2020,S12000006,75.42194030801186
2020,S12000008,49.466344836109236
2020,S12000010,38.09259918335464
2020,S12000011,28.102079989697554
2020,S12000013,12.556749134968989
2020,S12000014,71.21391012322776
2020,S12000015,152.14043681715427
2020,S12000017,130.6621052974758
2020,S12000018,32.895224233680665
2020,S12000019,35.897908584733536
2020,S12000020,42.940231588124554
2020,S12000021,47.0179925312962
2020,S12000023,13.878396492882304
2020,S12000024,74.90256379874246
2020,S12000026,54.03432584983368
2020,S12000027,15.73947426388937
2020,S12000028,53.61992250190652
2020,S12000029,132.58856273832183
2020,S12000030,54.74466905321175
2020,S12000033,188.51564959149235
2020,S12000034,130.37167712018487
2020,S12000035,44.53158511829021
2020,S12000036,364.4001550709839
2020,S12000038,94.93732159045733
2020,S12000039,34.79963721469047
2020,S12000040,88.16808680464578
2020,S12000041,43.525492204841825
2020,S12000042,84.2725149999704
2020,S12000044,149.2855033221564
2020,S12000045,31.595974822553146
2020,S12000046,465.376586938129
2020,W06000001,28.283031795913566
2020,W06000002,73.89718369863402
2020,W06000003,56.42793264519634
2020,W06000004,51.26160904697873
2020,W06000005,83.01938930177154
2020,W06000006,67.08188654735594
2020,W06000008,38.627057777487124
2020,W06000009,60.258791413599035
2020,W06000010,87.87210839351941
2020,W06000011,128.50080252896123
2020,W06000012,55.821709881957005
2020,W06000013,66.73546445713946
2020,W06000014,52.97668132255311
2020,W06000015,245.62192586436967
2020,W06000016,90.8911490949241
2020,W06000018,61.961171832853175
2020,W06000019,22.746813774847496
2020,W06000020,42.19502734750308
2020,W06000021,48.444585773800895
2020,W06000022,85.9023563625851
2020,W06000023,72.63294927413752
2020,W06000024,25.794029371969163
2030,E06000001,33.451490988155996
2030,E06000002,70.40000489851299
2030,E06000003,45.14847467596388
2030,E06000004,94.56073977450346
2030,E06000005,54.31168270770129
2030,E06000006,67.67251342178912
2030,E06000007,154.47052043391056
2030,E06000008,74.73236123199483
2030,E06000009,72.33183593200717
2030,E06000010,137.52432093571295
2030,E06000011,159.16049553866674
2030,E06000012,76.92133022877127
2030,E06000013,79.28645202340623
2030,E06000014,125.06973337690106
2030,E06000015,151.68647975484885
2030,E06000016,188.9841118724769
2030,E06000017,20.021032984145457
2030,E06000018,253.08782010330884
2030,E06000019,104.90686143545993
2030,E06000020,101.64615499297526
2030,E06000021,137.3570739377913
2030,E06000022,111.49252728161656
2030,E06000023,323.5499577684554
2030,E06000024,109.49071935591415
2030,E06000025,176.08144657333798
2030,E06000026,134.50104632601787
2030,E06000027,63.28216123725689
2030,E06000028,108.1103053166695
2030,E06000029,95.07767409974235
2030,E06000030,268.1087775265943
2030,E06000031,272.68234078959387
2030,E06000032,235.56566084176202
2030,E06000033,80.5216140072866
2030,E06000034,80.99756758676139
2030,E06000035,114.3318718216893
2030,E06000036,74.75740121315245
2030,E06000037,117.3153228002913
2030,E06000038,123.02829206654272
2030,E06000039,98.17317968346596
2030,E06000040,98.6756507557503
2030,E06000041,109.15966306872849
2030,E06000042,485.1452086578468
2030,E06000043,179.08795486778456
2030,E06000044,124.97239467879882
2030,E06000045,131.90249240954444
2030,E06000046,64.62700678459919
2030,E06000047,198.81904630171096
2030,E06000049,231.22610160262164
2030,E06000050,196.44752882533908
2030,E06000051,165.95593347795523
2030,E06000052,297.9009125328346
2030,E06000053,1.4436549089772992
2030,E06000054,255.48235236052264
2030,E06000055,204.61611842113155
2030,E06000056,284.84367155641166
2030,E06000057,128.3906911728548
2030,E07000004,237.78838959228182
2030,E07000005,97.26458051925026
2030,E07000006,97.43118589940647
2030,E07000007,204.57936289469947
2030,E07000008,265.9358498685453
2030,E07000009,89.54414241422461
2030,E07000010,86.67139972446566
2030,E07000011,177.99319212038
2030,E07000012,246.64176698316047
2030,E07000026,43.44261513812414
2030,E07000027,33.955792394777355
2030,E07000028,64.1978478802169
2030,E07000029,38.34632368906772
2030,E07000030,31.903296927509917
2030,E07000031,62.417110617561754
2030,E07000032,57.17736524222108
2030,E07000033,33.30293861329374
2030,E07000034,55.65089029376345
2030,E07000035,44.780803680621425
2030,E07000036,46.12679371494613
2030,E07000037,38.08553689591543
2030,E07000038,31.77926760916318
2030,E07000039,39.511445653485495
2030,E07000040,60.759173399711706
2030,E07000041,112.10377785312616
2030,E07000042,37.061284822932635
2030,E07000043,63.57784793524385
2030,E07000044,49.51001440119082
2030,E07000045,61.39587916639417
2030,E07000046,28.663558489137785
2030,E07000047,24.13284877723807
2030,E07000048,24.57120055129922
2030,E07000049,38.82120044618081
2030,E07000050,33.13563496598113
2030,E07000051,21.36885478030939
2030,E07000052,67.9352820717091
2030,E07000053,23.355788726227445
2030,E07000061,52.27215876697626
2030,E07000062,42.43405368820597
2030,E07000063,44.24681257722965
2030,E07000064,35.68257523588392
2030,E07000065,71.97289159236672
2030,E07000066,100.14383555314811
2030,E07000067,70.44169501985007
2030,E07000068,42.424131335981954
2030,E07000069,26.423392003823018
2030,E07000070,112.10464749032764
2030,E07000071,102.92987352714994
2030,E07000072,67.96333732480625
2030,E07000073,49.4833788951343
2030,E07000074,25.57355959184466
2030,E07000075,32.37340464880607
2030,E07000076,49.37873824136477
2030,E07000077,55.2401756802966
2030,E07000078,75.92818853700787
2030,E07000079,52.83582356669963
2030,E07000080,30.1050625979944
2030,E07000081,72.8799090188254
2030,E07000082,61.8420776288533
2030,E07000083,56.89877784985983
2030,E07000084,96.70037308318214
2030,E07000085,55.273421980783624
2030,E07000086,83.06908810734397
2030,E07000087,58.643320608986066
2030,E07000088,27.660074930593076
2030,E07000089,50.5530947393236
2030,E07000090,54.277799001497485
2030,E07000091,87.9641516696899
2030,E07000092,58.007635143669766
2030,E07000093,67.13674642066877
2030,E07000094,99.45861691146975
2030,E07000095,42.98695297648802
2030,E07000096,81.95723225048523
2030,E07000098,64.31489186810923
2030,E07000099,117.01339961643646
2030,E07000102,55.210980762491786
2030,E07000103,107.35315156364906
2030,E07000105,76.53258444889856
2030,E07000106,90.65489113388513
2030,E07000107,69.69179184090719
2030,E07000108,45.15423676018563
2030,E07000109,43.80322850319223
2030,E07000110,92.79009260789746
2030,E07000111,72.33725651264719
2030,E07000112,47.026507094950354
2030,E07000113,60.8676934651411
2030,E07000114,59.19334467746013
2030,E07000115,70.58461756714978
2030,E07000116,67.27842630734702
2030,E07000117,41.559126772760635
2030,E07000118,48.26800552109884
2030,E07000119,49.07207534485573
2030,E07000120,34.638458513743636
2030,E07000121,66.37561949822381
2030,E07000122,36.996367083536335
2030,E07000123,94.6496020666551
2030,E07000124,32.14452680368035
2030,E07000125,21.9235107608762
2030,E07000126,61.89827153041475
2030,E07000127,57.66957905605483
2030,E07000128,39.471805936595224
2030,E07000129,69.9463746771713
2030,E07000130,76.6908263485239
2030,E07000131,50.289720856806206
2030,E07000132,51.10064639156813
2030,E07000133,25.529059224913702
2030,E07000134,68.36367843073047
2030,E07000135,22.60260798640362
2030,E07000136,38.76707817675634
2030,E07000137,59.65467701565451
2030,E07000138,62.302600290357574
2030,E07000139,52.201375289255886
2030,E07000140,47.010523903091844
2030,E07000141,74.36566326590972
2030,E07000142,34.610743056266365
2030,E07000143,54.607013221644
2030,E07000144,62.400091538860714
2030,E07000145,42.7846485897623
2030,E07000146,69.21266872939758
2030,E07000147,42.72383689009741
2030,E07000148,101.71132617624033
2030,E07000149,67.83432959118377
2030,E07000150,76.45740012246804
2030,E07000151,98.42672378893572
2030,E07000152,76.00681579329355
2030,E07000153,115.3807499720406
2030,E07000154,314.7336739885296
2030,E07000155,95.52974789332444
2030,E07000156,82.79055049197088
2030,E07000163,37.444348252311315
2030,E07000164,50.426335340919906
2030,E07000165,97.41367808067282
2030,E07000166,25.31192271321937
2030,E07000167,29.982288529812894
2030,E07000168,52.980043174591536
2030,E07000169,41.566802289867354
2030,E07000170,65.02895591993915
2030,E07000171,58.99126244825793
2030,E07000172,50.412286994570565
2030,E07000173,42.976850071976976
2030,E07000174,48.421586566155575
2030,E07000175,65.45976639376038
2030,E07000176,51.27077732619772
2030,E07000177,215.20178214966782
2030,E07000178,316.7307966664269
2030,E07000179,162.1249743837543
2030,E07000180,166.30626585355932
2030,E07000181,126.38329518581813
2030,E07000187,62.221305573236656
2030,E07000188,56.34773657344386
2030,E07000189,85.92042878521339
2030,E07000190,71.36262682101253
2030,E07000191,16.150991463357947
2030,E07000192,50.04925148346136
2030,E07000193,72.51054193668602
2030,E07000194,58.25508468223873
2030,E07000195,58.88431710786236
2030,E07000196,46.61472917186424
2030,E07000197,76.82187230696732
2030,E07000198,34.55529323113721
2030,E07000199,32.32940959725161
2030,E07000200,38.96247242906317
2030,E07000201,30.800747974981775
2030,E07000202,82.02345510210323
2030,E07000203,45.55224298775156
2030,E07000204,75.46400960654051
2030,E07000205,66.49112876123685
2030,E07000206,44.99661914472194
2030,E07000207,73.40854328643809
2030,E07000208,36.50574871759829
2030,E07000209,100.00073443023778
2030,E07000210,53.08286394414874
2030,E07000211,85.0447092892638
2030,E07000212,70.99241074864165
2030,E07000213,46.07384220566012
2030,E07000214,66.74628507933714
2030,E07000215,40.4591850050407
2030,E07000216,72.38829860309971
2030,E07000217,57.48781505693627
2030,E07000218,57.24917160334268
2030,E07000219,54.61657296632295
2030,E07000220,60.04398249548066
2030,E07000221,87.12011614079692
2030,E07000222,104.66729454681166
2030,E07000223,23.59675888938906
2030,E07000224,60.566934682558276
2030,E07000225,78.90791470423282
2030,E07000226,109.0678687574689
2030,E07000227,73.23011895322485
2030,E07000228,76.67838959054318
2030,E07000229,56.037081229861144
2030,E07000234,75.87802208100021
2030,E07000235,34.401968593646295
2030,E07000236,42.963989280557946
2030,E07000237,62.66936183389728
2030,E07000238,64.80623521369041
2030,E07000239,42.19806798870715
2030,E07000240,90.67025384328912
2030,E07000241,108.60999923908216
2030,E07000242,85.85140600737995
2030,E07000243,107.47579827803747
2030,E08000001,128.361798855912
2030,E08000002,81.38404452050403
2030,E08000003,448.6715645177284
2030,E08000004,103.25363653926574
2030,E08000005,84.054854989435
2030,E08000006,142.44098723943824
2030,E08000007,149.49719488417216
2030,E08000008,79.57400304963717
2030,E08000009,169.40850390123796
2030,E08000010,124.69725635019769
2030,E08000011,76.55870144602966
2030,E08000012,280.23457413656206
2030,E08000013,72.19654841135642
2030,E08000014,109.5639387266087
2030,E08000015,126.39744416228113
2030,E08000016,93.36957263831579
2030,E08000017,146.05667588463504
2030,E08000018,117.90790620361139
2030,E08000019,302.88731199696997
2030,E08000021,207.60790160261405
2030,E08000022,98.05532887391288
2030,E08000023,49.43761575598781
2030,E08000024,133.38282277262607
2030,E08000025,612.5092854335595
2030,E08000026,183.4213469020069
2030,E08000027,135.40471040193512
2030,E08000028,152.91775283531564
2030,E08000029,136.02161663659135
2030,E08000030,131.2592570070914
2030,E08000031,117.71794390195217
2030,E08000032,241.07604295524533
2030,E08000033,114.41496771723162
2030,E08000034,190.6882354261293
2030,E08000035,508.49559283007227
2030,E08000036,176.42038925991102
2030,E08000037,103.13087925466797
2030,E09000001,528.3027897072133
2030,E09000002,72.12486198055792
2030,E09000003,174.40881546616708
2030,E09000004,90.5435304045743
2030,E09000005,161.58275971683798
2030,E09000006,136.48482742358811
2030,E09000007,419.25928806396496
2030,E09000008,158.18279053770348
2030,E09000009,172.3010753465624
2030,E09000010,126.79461802441581
2030,E09000011,105.33130572972269
2030,E09000012,153.4242468290402
2030,E09000013,162.44239684125463
2030,E09000014,104.92548026580585
2030,E09000015,104.0753172034811
2030,E09000016,100.63939466981483
2030,E09000017,222.69566411252532
2030,E09000018,184.7435208494942
2030,E09000019,269.9316321207237
2030,E09000020,161.8300051200241
2030,E09000021,103.85027057298846
2030,E09000022,187.37494504288878
2030,E09000023,97.84375175748171
2030,E09000024,105.84462466961912
2030,E09000025,139.46528775769178
2030,E09000026,109.42118596034625
2030,E09000027,110.58680838473005
2030,E09000028,284.4853235100919
2030,E09000029,88.42121720722733
2030,E09000030,333.83223244547816
2030,E09000031,102.46313778534608
2030,E09000032,150.94045544999472
2030,E09000033,741.6520164801327
2030,N09000001,0.0
2030,N09000002,0.0
2030,N09000003,0.0
2030,N09000004,0.0
2030,N09000005,0.0
2030,N09000006,0.0
2030,N09000007,0.0
2030,N09000008,0.0
2030,N09000009,0.0
2030,N09000010,0.0
2030,N09000011,0.0
2030,S12000005,16.80732480435837
2030,S12000006,79.74598200148355
2030,S12000008,53.67273873832348
2030,S12000010,39.94121105241664
2030,S12000011,29.878945748613372
2030,S12000013,12.938185293766674
2030,S12000014,75.37763692570202
2030,S12000015,157.40206353462227
2030,S12000017,137.47243886078175
2030,S12000018,34.77740281351729
2030,S12000019,37.37200261747167
2030,S12000020,44.874168343639525
2030,S12000021,48.013681473199746
2030,S12000023,14.793869431348153
2030,S12000024,76.98912662423265
2030,S12000026,56.63164681954198
2030,S12000027,16.26965091903394
2030,S12000028,56.47699527764066
2030,S12000029,136.7909047908747
2030,S12000030,57.47492376390086
2030,S12000033,194.65407554225573
2030,S12000034,133.5689653741387
2030,S12000035,46.1640324985337
2030,S12000036,380.6952174385197
2030,S12000038,98.45337264694366
2030,S12000039,37.51446715407212
2030,S12000040,94.19798574615271
2030,S12000041,44.56558490965785
2030,S12000042,88.242831825279
2030,S12000044,161.8218965622952
2030,S12000045,32.1433736790199
2030,S12000046,488.60688143990717
2030,W06000001,29.335975004718694
2030,W06000002,77.05881447952497
2030,W06000003,58.41068297150206
2030,W06000004,53.35612368524305
2030,W06000005,84.81712177126447
2030,W06000006,69.23250066487245
2030,W06000008,40.451369793152374
2030,W06000009,63.4089945964103
2030,W06000010,91.19038271829791
2030,W06000011,133.33395692137486
2030,W06000012,56.89890308106443
2030,W06000013,69.31864970887541
2030,W06000014,54.045628682031555
2030,W06000015,257.3121209666466
2030,W06000016,93.71299628795109
2030,W06000018,63.15435422637053
2030,W06000019,23.51663745649592
2030,W06000020,43.25275063296026
2030,W06000021,49.757330739168886
2030,W06000022,88.96588661621311
2030,W06000023,74.43450139106452
2030,W06000024,26.964148924239645
2050,E06000001,36.3695617577886
2050,E06000002,75.772079720118
2050,E06000003,48.07487576805603
2050,E06000004,102.01057150025876
2050,E06000005,58.30936361947975
2050,E06000006,70.95388260079665
2050,E06000007,168.5553325760303
2050,E06000008,80.33558287690305
2050,E06000009,80.05751782776215
2050,E06000010,142.63428028748655
2050,E06000011,171.6325012193686
2050,E06000012,79.80970482563728
2050,E06000013,80.81400474216184
2050,E06000014,136.0913062071008
2050,E06000015,164.23204099907724
2050,E06000016,198.36741635415862
2050,E06000017,20.884100838747873
2050,E06000018,272.38673864059615
2050,E06000019,111.95108893905984
2050,E06000020,110.82396759015322
2050,E06000021,144.87520340668073
2050,E06000022,121.6982329609187
2050,E06000023,351.00278496247336
2050,E06000024,118.06132611334068
2050,E06000025,194.03416010110223
2050,E06000026,147.03266994551396
2050,E06000027,68.49137595302687
2050,E06000028,117.98905969793172
2050,E06000029,103.32029241754667
2050,E06000030,281.5202459796496
2050,E06000031,303.73216274571485
2050,E06000032,263.63809758143674
2050,E06000033,89.10884437445016
2050,E06000034,89.86841286496445
2050,E06000035,119.51924629558776
2050,E06000036,78.62660881674017
2050,E06000037,123.86103302006804
2050,E06000038,131.0825961962495
2050,E06000039,103.24673527382882
2050,E06000040,104.66201601734502
2050,E06000041,120.65362776279115
2050,E06000042,615.6882082918282
2050,E06000043,192.1749385976557
2050,E06000044,129.85567372249093
2050,E06000045,138.6091486931437
2050,E06000046,67.7463237766393
2050,E06000047,208.08575400024625
2050,E06000049,252.70766042047728
2050,E06000050,212.71670718622389
2050,E06000051,182.671207113896
2050,E06000052,327.7598871712879
2050,E06000053,1.5902838438030145
2050,E06000054,277.0651879030489
2050,E06000055,258.96318034462706
2050,E06000056,362.70247129845876
2050,E06000057,137.40117119930952
2050,E07000004,296.3079812545292
2050,E07000005,101.41103734948734
2050,E07000006,101.54052119490915
2050,E07000007,210.18248815956866
2050,E07000008,345.367481481666
2050,E07000009,105.8263973737096
2050,E07000010,92.89218572355998
2050,E07000011,206.08152135941393
2050,E07000012,326.43267125014927
2050,E07000026,46.504611188110935
2050,E07000027,35.5513340332745
2050,E07000028,68.52097514122845
2050,E07000029,39.55090423938436
2050,E07000030,35.00391618720735
2050,E07000031,68.35010590582306
2050,E07000032,58.00737927355889
2050,E07000033,35.51370918021827
2050,E07000034,56.82322982477656
2050,E07000035,46.873928123637455
2050,E07000036,47.820812806996024
2050,E07000037,38.60523403328184
2050,E07000038,32.30458939631561
2050,E07000039,41.73211834132143
2050,E07000040,65.41841176492679
2050,E07000041,123.83546291714825
2050,E07000042,39.421381565574514
2050,E07000043,69.82425056434633
2050,E07000044,53.649949963369444
2050,E07000045,65.76370935481766
2050,E07000046,30.499796260801784
2050,E07000047,26.123605762933515
2050,E07000048,26.425761860534298
2050,E07000049,41.82914547746902
2050,E07000050,35.89638528204419
2050,E07000051,22.522947256060114
2050,E07000052,74.7055007672808
2050,E07000053,25.23812097227886
2050,E07000061,55.558358920224336
2050,E07000062,43.89110414615766
2050,E07000063,46.49383434498481
2050,E07000064,37.08405616908072
2050,E07000065,76.59998305864845
2050,E07000066,112.03426819798524
2050,E07000067,75.5188056277695
2050,E07000068,46.1829038594871
2050,E07000069,29.23709079556555
2050,E07000070,126.01029957009641
2050,E07000071,112.90380783296743
2050,E07000072,75.0938463259828
2050,E07000073,54.37576761893173
2050,E07000074,27.951383524650733
2050,E07000075,35.51970230104676
2050,E07000076,52.81484333776632
2050,E07000077,60.90782311520017
2050,E07000078,84.21727024878216
2050,E07000079,57.151767202508346
2050,E07000080,31.72639779089495
2050,E07000081,78.88344761964689
2050,E07000082,65.6926840409595
2050,E07000083,62.12872971561184
2050,E07000084,101.81101745848413
2050,E07000085,58.517207396539476
2050,E07000086,87.23974566986622
2050,E07000087,60.895168464997035
2050,E07000088,29.233683096185377
2050,E07000089,54.864858029531675
2050,E07000090,58.27739354480306
2050,E07000091,93.60805779964474
2050,E07000092,60.78678453105833
2050,E07000093,69.87393602568005
2050,E07000094,107.06443196390471
2050,E07000095,46.56991759736924
2050,E07000096,86.01482530566383
2050,E07000098,69.11222050971237
2050,E07000099,123.98693035068257
2050,E07000102,62.34120728573469
2050,E07000103,117.8072959213722
2050,E07000105,82.00112959414318
2050,E07000106,97.99401337379422
2050,E07000107,75.62058574817284
2050,E07000108,46.39072094082799
2050,E07000109,45.982497106608555
2050,E07000110,97.14225322461515
2050,E07000111,78.0323836407797
2050,E07000112,49.136248175937844
2050,E07000113,63.97565819376606
2050,E07000114,62.02002013853285
2050,E07000115,75.11582167784283
2050,E07000116,69.4775223450275
2050,E07000117,43.20014901370104
2050,E07000118,52.91910384193281
2050,E07000119,50.75295511229421
2050,E07000120,36.85067062685939
2050,E07000121,70.80511816888703
2050,E07000122,39.00560118823712
2050,E07000123,99.89496398890053
2050,E07000124,34.5734411662013
2050,E07000125,22.751004822250277
2050,E07000126,67.33292685639401
2050,E07000127,62.212199527641445
2050,E07000128,41.90855044145216
2050,E07000129,75.2916572929354
2050,E07000130,80.3150486960182
2050,E07000131,53.09911646442867
2050,E07000132,53.07688656132975
2050,E07000133,26.098906367772045
2050,E07000134,72.23595792925947
2050,E07000135,23.56198122233261
2050,E07000136,41.24017690740001
2050,E07000137,62.59195662539649
2050,E07000138,65.81866185550611
2050,E07000139,56.67421165250773
2050,E07000140,52.07733102559289
2050,E07000141,80.21545636876611
2050,E07000142,36.133292486861095
2050,E07000143,58.191769823640016
2050,E07000144,67.6489030580681
2050,E07000145,45.833763923661564
2050,E07000146,74.30453797914093
2050,E07000147,46.085948164510604
2050,E07000148,108.37127426749608
2050,E07000149,77.49694946550575
2050,E07000150,80.88119762225249
2050,E07000151,105.50767927543768
2050,E07000152,80.17585635863755
2050,E07000153,125.62983733384533
2050,E07000154,333.2303222608332
2050,E07000155,104.49718066687736
2050,E07000156,85.85161227773463
2050,E07000163,39.64857008439145
2050,E07000164,52.403692614871396
2050,E07000165,104.53451897891743
2050,E07000166,27.030258149290777
2050,E07000167,30.67528648842022
2050,E07000168,55.80105416303655
2050,E07000169,43.6881600720959
2050,E07000170,70.94204449771381
2050,E07000171,62.702962763462914
2050,E07000172,53.453922339776234
2050,E07000173,45.46235214759471
2050,E07000174,51.671844521173426
2050,E07000175,72.40500022829674
2050,E07000176,54.139011350862866
2050,E07000177,268.69594295396166
2050,E07000178,402.69935705966464
2050,E07000179,185.98299693152808
2050,E07000180,191.709705177053
2050,E07000181,143.79036519143023
2050,E07000187,67.06764241851599
2050,E07000188,59.101618180687765
2050,E07000189,94.01448431243416
2050,E07000190,77.93166705075048
2050,E07000191,17.506750162605798
2050,E07000192,54.568457441300595
2050,E07000193,79.50738131192014
2050,E07000194,64.02527050161596
2050,E07000195,63.926544034691425
2050,E07000196,50.581795987240035
2050,E07000197,83.02679952365872
2050,E07000198,37.2828752850214
2050,E07000199,34.21634227736169
2050,E07000200,41.764876391291516
2050,E07000201,32.32280188622778
2050,E07000202,87.76772759054053
2050,E07000203,49.82368495592432
2050,E07000204,83.09466604024044
2050,E07000205,71.87350570649558
2050,E07000206,47.139861487080424
2050,E07000207,75.85426628855448
2050,E07000208,38.31895329658231
2050,E07000209,106.27772480836367
2050,E07000210,55.25286648989038
2050,E07000211,90.32457072069033
2050,E07000212,76.35096651900908
2050,E07000213,47.80881431438727
2050,E07000214,69.81614253014756
2050,E07000215,42.99259060393765
2050,E07000216,78.32009959023218
2050,E07000217,59.88167433428327
2050,E07000218,62.49438896317224
2050,E07000219,58.85348723664436
2050,E07000220,64.25616963927035
2050,E07000221,90.65466550151172
2050,E07000222,111.87961899435712
2050,E07000223,24.48658668649209
2050,E07000224,62.57021589251512
2050,E07000225,81.22760139618701
2050,E07000226,112.18256299239975
2050,E07000227,75.49568395530959
2050,E07000228,78.40038499279407
2050,E07000229,56.996202320518094
2050,E07000234,81.79373220431411
2050,E07000235,36.593622630880134
2050,E07000236,45.12112352346541
2050,E07000237,67.76783860980281
2050,E07000238,67.44680259232783
2050,E07000239,43.951023034646376
2050,E07000240,99.36182064452245
2050,E07000241,119.9854282069004
2050,E07000242,91.37735225661379
2050,E07000243,114.16999021410814
2050,E08000001,133.3451550213149
2050,E08000002,87.29534754331814
2050,E08000003,496.40578871059273
2050,E08000004,109.29487777758898
2050,E08000005,88.08192023788273
2050,E08000006,150.07790327417163
2050,E08000007,158.63757330888023
2050,E08000008,83.6161508675831
2050,E08000009,179.68622046270272
2050,E08000010,132.6380129823001
2050,E08000011,83.19607539889876
2050,E08000012,308.1631396225808
2050,E08000013,77.2934617659913
2050,E08000014,117.3624635672328
2050,E08000015,134.44914426580226
2050,E08000016,100.37750558110838
2050,E08000017,159.21125408383236
2050,E08000018,125.93673824281393
2050,E08000019,327.6081712009707
2050,E08000021,227.41043679983292
2050,E08000022,106.85258140630069
2050,E08000023,52.449337394008886
2050,E08000024,140.50611723454182
2050,E08000025,652.2302391595603
2050,E08000026,192.56516263165418
2050,E08000027,141.71652804346016
2050,E08000028,159.73319081011
2050,E08000029,144.83954728381696
2050,E08000030,140.76070446716753
2050,E08000031,125.66205495031484
2050,E08000032,250.59308806155124
2050,E08000033,121.19877602163363
2050,E08000034,199.5423649748111
2050,E08000035,538.8553350243827
2050,E08000036,189.15383437718566
2050,E08000037,108.62546052218988
2050,E09000001,575.3500943102348
2050,E09000002,76.07193509520059
2050,E09000003,186.27600813213127
2050,E09000004,95.1359767622357
2050,E09000005,171.9204393611247
2050,E09000006,147.0405450930941
2050,E09000007,465.7352137457587
2050,E09000008,166.15768635742808
2050,E09000009,182.16618445660666
2050,E09000010,133.99072134928485
2050,E09000011,115.04334904906298
2050,E09000012,174.06814764134137
2050,E09000013,177.68201945324574
2050,E09000014,115.4096354798721
2050,E09000015,111.72585175896917
2050,E09000016,106.16924368629755
2050,E09000017,237.50836725989495
2050,E09000018,195.82385870456383
2050,E09000019,304.5824757659829
2050,E09000020,172.25814541681245
2050,E09000021,112.19624665876391
2050,E09000022,207.28863690796152
2050,E09000023,104.30201274962783
2050,E09000024,112.81562808396296
2050,E09000025,152.72473379048404
2050,E09000026,117.81372486733748
2050,E09000027,121.29635531763293
2050,E09000028,317.6137216564553
2050,E09000029,94.50152842894416
2050,E09000030,376.81997387619003
2050,E09000031,111.31407014684825
2050,E09000032,162.243243176128
2050,E09000033,785.9443989605086
2050,N09000001,0.0
2050,N09000002,0.0
2050,N09000003,0.0
2050,N09000004,0.0
2050,N09000005,0.0
2050,N09000006,0.0
2050,N09000007,0.0
2050,N09000008,0.0
2050,N09000009,0.0
2050,N09000010,0.0
2050,N09000011,0.0
2050,S12000005,18.37512117785627
2050,S12000006,88.3940653884269
2050,S12000008,62.08552654275198
2050,S12000010,43.63843479054065
2050,S12000011,33.432677266445005
2050,S12000013,13.701057611362033
2050,S12000014,83.70509053065054
2050,S12000015,167.92531696955825
2050,S12000017,151.09310598739373
2050,S12000018,38.54175997319053
2050,S12000019,40.32019068294791
2050,S12000020,48.742041854669466
2050,S12000021,50.00505935700682
2050,S12000023,16.62481530827984
2050,S12000024,81.16225227521309
2050,S12000026,61.826288758958626
2050,S12000027,17.330004229323073
2050,S12000028,62.191140829108946
2050,S12000029,145.19558889598048
2050,S12000030,62.93543318527903
2050,S12000033,206.93092744378248
2050,S12000034,139.96354188204637
2050,S12000035,49.42892725902067
2050,S12000036,413.2853421735913
2050,S12000038,105.48547475991634
2050,S12000039,42.94412703283541
2050,S12000040,106.25778362916651
2050,S12000041,46.645770319289916
2050,S12000042,96.18346547589621
2050,S12000044,186.8946830425728
2050,S12000045,33.23817139195342
2050,S12000046,535.0674704434637
2050,W06000001,31.441861422328962
2050,W06000002,83.38207604130687
2050,W06000003,62.37618362411351
2050,W06000004,57.545152961771706
2050,W06000005,88.41258671025038
2050,W06000006,73.5337288999054
2050,W06000008,44.09999382448291
2050,W06000009,69.70940096203284
2050,W06000010,97.82693136785497
2050,W06000011,143.00026570620213
2050,W06000012,59.05328947927931
2050,W06000013,74.48502021234731
2050,W06000014,56.183523400988435
2050,W06000015,280.6925111712006
2050,W06000016,99.35669067400505
2050,W06000018,65.54071901340525
2050,W06000019,25.056284819792797
2050,W06000020,45.368197203874594
2050,W06000021,52.38282066990486
2050,W06000022,95.0929471234692
2050,W06000023,78.03760562491851
2050,W06000024,29.304388028780604
