timestep,lad_uk_2016,gva_per_sector
2015,E06000001,1299.4224238034506
2015,E06000002,2517.3597857199825
2015,E06000003,1593.742601160698
2015,E06000004,3739.526623018716
2015,E06000005,2110.785951601429
2015,E06000006,3145.951195541774
2015,E06000007,5924.438925031841
2015,E06000008,2684.5155825590623
2015,E06000009,2214.546219823935
2015,E06000010,5502.566683045729
2015,E06000011,5843.509599830341
2015,E06000012,2880.944989815764
2015,E06000013,3349.895776303487
2015,E06000014,4074.782033328041
2015,E06000015,5545.608195225853
2015,E06000016,6953.835981012257
2015,E06000017,678.8965213979089
2015,E06000018,8535.55480700886
2015,E06000019,3770.7991226788586
2015,E06000020,3647.899757488487
2015,E06000021,4822.783977802408
2015,E06000022,4170.808640992258
2015,E06000023,13344.33548697432
2015,E06000024,4354.506904087002
2015,E06000025,6872.129033977752
2015,E06000026,4443.294871422238
2015,E06000027,1997.8926922047162
2015,E06000028,3948.4976047899545
2015,E06000029,3603.7280827369473
2015,E06000030,6536.66063257791
2015,E06000031,5078.648443981971
2015,E06000032,5296.905351839253
2015,E06000033,2859.1916077117644
2015,E06000034,2909.487851339836
2015,E06000035,4755.805810531347
2015,E06000036,3885.401043058963
2015,E06000037,6220.724000323434
2015,E06000038,6499.130139120079
2015,E06000039,5253.935021828035
2015,E06000040,4827.722698373711
2015,E06000041,5380.475686053037
2015,E06000042,10206.344295133202
2015,E06000043,7548.493104671539
2015,E06000044,5636.507651048902
2015,E06000045,6160.944196412966
2015,E06000046,2625.446150110564
2015,E06000047,7732.13173489439
2015,E06000049,11146.629773765377
2015,E06000050,8244.920127543184
2015,E06000051,5518.835891347154
2015,E06000052,8607.139419120313
2015,E06000053,47.80498723818988
2015,E06000054,9908.846122582432
2015,E06000055,3876.3004003045257
2015,E06000056,5245.843090802382
2015,E06000057,4690.263276195217
2015,E07000004,4948.993792984421
2015,E07000005,2439.7195592181392
2015,E07000006,2271.1456453789006
2015,E07000007,5146.876383183653
2015,E07000008,4534.298332740617
2015,E07000009,1666.7753746883009
2015,E07000010,1784.13129849657
2015,E07000011,3537.4058125666193
2015,E07000012,4564.531229485292
2015,E07000026,1622.8917393219022
2015,E07000027,1505.0479559731434
2015,E07000028,2278.3440624247573
2015,E07000029,1757.9466949339887
2015,E07000030,1082.4240041730359
2015,E07000031,2166.064138811244
2015,E07000032,2225.8899713697774
2015,E07000033,1200.2023685334063
2015,E07000034,2041.7143683869442
2015,E07000035,1567.1635228203631
2015,E07000036,1747.1728519618646
2015,E07000037,1478.3187104971312
2015,E07000038,1203.9160398549536
2015,E07000039,2079.5952316551316
2015,E07000040,1997.7350303253352
2015,E07000041,4098.030380456158
2015,E07000042,1237.2557927450803
2015,E07000043,2212.8912646101194
2015,E07000044,1614.322826511134
2015,E07000045,2034.278881105068
2015,E07000046,905.8755855569198
2015,E07000047,760.6271119289852
2015,E07000048,852.3802721465039
2015,E07000049,1385.0264667468346
2015,E07000050,1126.6658549599044
2015,E07000051,790.3293907531527
2015,E07000052,2310.407103494627
2015,E07000053,747.9331559019413
2015,E07000061,2013.4392694206613
2015,E07000062,1776.5804757705346
2015,E07000063,1846.624664069343
2015,E07000064,1478.387785979368
2015,E07000065,2904.315340746357
2015,E07000066,3901.5585766078466
2015,E07000067,2832.001592341666
2015,E07000068,1883.113607117953
2015,E07000069,919.3266586169757
2015,E07000070,4147.254588926797
2015,E07000071,3796.52957822747
2015,E07000072,2549.2359495533483
2015,E07000073,1772.8142694454905
2015,E07000074,954.603531283671
2015,E07000075,1261.8772294316163
2015,E07000076,1796.2278115892025
2015,E07000077,2242.8649512342786
2015,E07000078,2851.425628874261
2015,E07000079,2052.1812523059116
2015,E07000080,1167.7107992025865
2015,E07000081,3294.4073051700375
2015,E07000082,2678.9547522183343
2015,E07000083,2285.3373840630325
2015,E07000084,4380.131624711059
2015,E07000085,2346.014289717426
2015,E07000086,3608.624145894934
2015,E07000087,2418.4194849690316
2015,E07000088,1109.9694070458354
2015,E07000089,2029.9249727456559
2015,E07000090,2177.6620951135546
2015,E07000091,3751.9350733772017
2015,E07000092,2711.6598915195873
2015,E07000093,2797.9921233380815
2015,E07000094,3950.724776596754
2015,E07000095,1772.360843710268
2015,E07000096,3525.01511797757
2015,E07000098,2958.1482042153293
2015,E07000099,2739.759085075106
2015,E07000102,2352.4747729698274
2015,E07000103,4044.338373229428
2015,E07000105,2775.068312567878
2015,E07000106,3093.2020941098854
2015,E07000107,2389.036275062681
2015,E07000108,2149.2695120239036
2015,E07000109,1609.8971103343274
2015,E07000110,3539.706234252846
2015,E07000111,2745.6651768163965
2015,E07000112,1878.3139972328704
2015,E07000113,2369.33995565116
2015,E07000114,2150.379245033102
2015,E07000115,2672.896183961547
2015,E07000116,2593.4187890558837
2015,E07000117,1631.814601943536
2015,E07000118,1685.9008438552535
2015,E07000119,2124.8656842328337
2015,E07000120,1368.757799035343
2015,E07000121,2465.6711884837036
2015,E07000122,1460.2856719506997
2015,E07000123,3303.370648222744
2015,E07000124,1315.4429897471414
2015,E07000125,858.585225079904
2015,E07000126,2465.4646790299666
2015,E07000127,2029.795718295082
2015,E07000128,1479.7428492930637
2015,E07000129,2863.7085275677423
2015,E07000130,2663.669075767659
2015,E07000131,1739.2118882971577
2015,E07000132,2082.66030491619
2015,E07000133,965.3540922439123
2015,E07000134,2679.346467972032
2015,E07000135,797.9015069359217
2015,E07000136,1313.1270495833141
2015,E07000137,1908.2427199735123
2015,E07000138,2172.7850789432946
2015,E07000139,1794.7208053724714
2015,E07000140,1538.8322584321206
2015,E07000141,2573.3650279481303
2015,E07000142,1287.500475026838
2015,E07000143,2311.0105715018212
2015,E07000144,2562.1624985535113
2015,E07000145,1602.168837893482
2015,E07000146,2824.673441813856
2015,E07000147,1667.9210688413866
2015,E07000148,4005.890282273127
2015,E07000149,2545.447681885326
2015,E07000150,1438.1085713741268
2015,E07000151,1724.8719088479913
2015,E07000152,1301.8404954749608
2015,E07000153,1984.7078820343922
2015,E07000154,5637.820919761882
2015,E07000155,1636.055283839475
2015,E07000156,1518.922203665948
2015,E07000163,1359.2712796521341
2015,E07000164,1865.4927589193146
2015,E07000165,3145.442059088315
2015,E07000166,832.776431496904
2015,E07000167,1078.932731581626
2015,E07000168,1691.652227966007
2015,E07000169,1666.6341467461432
2015,E07000170,2551.417822798002
2015,E07000171,2170.1656777062776
2015,E07000172,1924.6097799327315
2015,E07000173,1541.632822503788
2015,E07000174,1647.303574945504
2015,E07000175,2188.1015954959976
2015,E07000176,1773.5473127119694
2015,E07000177,4679.393900433202
2015,E07000178,6014.220041929395
2015,E07000179,3590.8494410783437
2015,E07000180,3821.6455702960884
2015,E07000181,2864.1057923747553
2015,E07000187,2084.3311023866436
2015,E07000188,1999.7059026112497
2015,E07000189,2959.567836587483
2015,E07000190,2506.1154458305264
2015,E07000191,649.7936537634857
2015,E07000192,1700.5751254534084
2015,E07000193,2386.436029070852
2015,E07000194,1877.9180618280316
2015,E07000195,1932.2407909546625
2015,E07000196,1627.1940628144969
2015,E07000197,2637.8610924035916
2015,E07000198,1150.2380004401778
2015,E07000199,1115.8326182882865
2015,E07000200,1546.8044965298
2015,E07000201,1193.0848825290534
2015,E07000202,3625.108251799589
2015,E07000203,1851.7049414899013
2015,E07000204,2992.203792876767
2015,E07000205,2723.8856715814086
2015,E07000206,1833.4452647341675
2015,E07000207,3156.118258769529
2015,E07000208,1503.2857382316568
2015,E07000209,4247.123765718853
2015,E07000210,2445.2729894683516
2015,E07000211,3808.5375676055046
2015,E07000212,3423.0969529329386
2015,E07000213,2135.2515567395963
2015,E07000214,2813.7737941788764
2015,E07000215,1596.7475803728933
2015,E07000216,2878.376223059218
2015,E07000217,2479.2942916244087
2015,E07000218,2147.292269363264
2015,E07000219,2152.276509596197
2015,E07000220,2213.8689427552713
2015,E07000221,3660.4324448660045
2015,E07000222,4847.126911873738
2015,E07000223,1018.572434845675
2015,E07000224,2378.3819037907506
2015,E07000225,3296.370806631561
2015,E07000226,4783.918510075128
2015,E07000227,3146.8568712882893
2015,E07000228,3327.6570807888725
2015,E07000229,2775.450962082674
2015,E07000234,2623.568070681258
2015,E07000235,1238.3342340273846
2015,E07000236,1765.3003514865366
2015,E07000237,2346.606138975974
2015,E07000238,2782.8190516671666
2015,E07000239,1522.3343728524878
2015,E07000240,3549.9093405568706
2015,E07000241,4383.603214084907
2015,E07000242,3829.5154314845563
2015,E07000243,2384.054528595503
2015,E08000001,4914.298646054513
2015,E08000002,2942.6223015334926
2015,E08000003,15895.438289491463
2015,E08000004,3811.300112003153
2015,E08000005,3175.737522624528
2015,E08000006,5545.228649566386
2015,E08000007,5896.85387148067
2015,E08000008,3003.1743943383062
2015,E08000009,6284.121903267738
2015,E08000010,4493.0557963673655
2015,E08000011,2759.27410494535
2015,E08000012,10143.611726455496
2015,E08000013,2577.2939132384204
2015,E08000014,3976.008060947253
2015,E08000015,4555.464197704687
2015,E08000016,3194.6082927325997
2015,E08000017,4767.065673999218
2015,E08000018,4275.630539607459
2015,E08000019,10299.232321730911
2015,E08000021,7141.809810839171
2015,E08000022,3512.6117882935305
2015,E08000023,1724.156038733418
2015,E08000024,5513.7740657062
2015,E08000025,22631.954175267183
2015,E08000026,7561.519514842057
2015,E08000027,5153.990817050801
2015,E08000028,6278.79783022695
2015,E08000029,5402.330034497269
2015,E08000030,4665.104533221384
2015,E08000031,4566.499502799005
2015,E08000032,9361.752541112619
2015,E08000033,4393.688545535146
2015,E08000034,7380.139332822331
2015,E08000035,19293.11174913508
2015,E08000036,6534.9485440721755
2015,E08000037,3699.4625359409315
2015,E09000001,52228.22599887446
2015,E09000002,3342.9313748674535
2015,E09000003,8511.1616058703
2015,E09000004,4187.617124912772
2015,E09000005,7635.501044866664
2015,E09000006,6038.476822201871
2015,E09000007,24214.58968709262
2015,E09000008,7040.931120868479
2015,E09000009,8299.295628305868
2015,E09000010,5691.215337052485
2015,E09000011,4167.285129332568
2015,E09000012,8571.889286628077
2015,E09000013,9758.95653109799
2015,E09000014,5737.529680118915
2015,E09000015,4951.2919486994615
2015,E09000016,4246.482618489581
2015,E09000017,10022.708254475356
2015,E09000018,10370.64516891589
2015,E09000019,16095.987166039464
2015,E09000020,9132.77006630938
2015,E09000021,4243.2788859948605
2015,E09000022,9535.806187813958
2015,E09000023,5153.3750950309295
2015,E09000024,4745.056574700715
2015,E09000025,7134.146384269437
2015,E09000026,4810.807046869701
2015,E09000027,4911.595576935206
2015,E09000028,16931.136979566778
2015,E09000029,3697.255102281628
2015,E09000030,26814.013478366163
2015,E09000031,4458.910207659391
2015,E09000032,8059.511434076752
2015,E09000033,48436.77894518335
2015,N09000001,2186.8402142913897
2015,N09000002,3025.80505198328
2015,N09000003,13916.674972482511
2015,N09000004,1486.1662839113492
2015,N09000005,2121.3825181637803
2015,N09000006,1299.9345287313909
2015,N09000007,2019.047246753011
2015,N09000008,1848.4884610683957
2015,N09000009,1972.0283382669822
2015,N09000010,2057.768700800329
2015,N09000011,1370.0019217693948
2015,S12000005,692.496009617398
2015,S12000006,3091.1029408560667
2015,S12000008,1925.205644016552
2015,S12000010,1676.9683680709925
2015,S12000011,1094.7171984324852
2015,S12000013,469.083455087639
2015,S12000014,3258.2211100473596
2015,S12000015,6532.282639668251
2015,S12000017,4863.1952369394185
2015,S12000018,1358.2927733245122
2015,S12000019,1506.802827915482
2015,S12000020,1646.9956997730656
2015,S12000021,2111.0443160939853
2015,S12000023,480.4662177614106
2015,S12000024,3444.250893653741
2015,S12000026,2370.681907365581
2015,S12000027,555.8190863362281
2015,S12000028,2131.3370984196094
2015,S12000029,5916.147222044664
2015,S12000030,2339.5260417606496
2015,S12000033,8811.914932182084
2015,S12000034,6460.116557365835
2015,S12000035,1605.6873730081006
2015,S12000036,15981.252700092378
2015,S12000038,3916.135850234418
2015,S12000039,1431.863081622051
2015,S12000040,3692.8922044956153
2015,S12000041,1868.435985818601
2015,S12000042,3484.7785380435234
2015,S12000044,6297.564164955761
2015,S12000045,1313.489053293958
2015,S12000046,19546.505684735945
2015,W06000001,1044.1051210766132
2015,W06000002,2384.532965311082
2015,W06000003,1672.4732325833183
2015,W06000004,1612.4361777093447
2015,W06000005,3696.479018970968
2015,W06000006,2592.2674902295694
2015,W06000008,1173.4617123970015
2015,W06000009,1743.4266873463177
2015,W06000010,2764.0294177933456
2015,W06000011,4185.510659850478
2015,W06000012,1989.005589730165
2015,W06000013,2296.2101082825516
2015,W06000014,1796.2505453437543
2015,W06000015,8898.964785600405
2015,W06000016,3379.713533495101
2015,W06000018,2220.0102594410055
2015,W06000019,840.9737057492863
2015,W06000020,1546.2399771316964
2015,W06000021,1715.5718689031478
2015,W06000022,3209.3473592109813
2015,W06000023,2342.8255141488444
2015,W06000024,860.6613612035903
2018,E06000001,1356.0646714212137
2018,E06000002,2610.176226622055
2018,E06000003,1655.4084334444194
2018,E06000004,3894.7560852739307
2018,E06000005,2195.472978911369
2018,E06000006,3287.17865337246
2018,E06000007,6154.899077659487
2018,E06000008,2799.4586292868207
2018,E06000009,2331.1692144467756
2018,E06000010,5691.750663148681
2018,E06000011,6105.6672763343795
2018,E06000012,2965.1705344672623
2018,E06000013,3447.9093046889093
2018,E06000014,4281.451168399232
2018,E06000015,5775.132293102658
2018,E06000016,7251.725857756448
2018,E06000017,708.0216425970794
2018,E06000018,8905.466450138669
2018,E06000019,3940.3588495912154
2018,E06000020,3854.2182583694857
2018,E06000021,5031.173538494725
2018,E06000022,4369.621096303308
2018,E06000023,13918.473584241445
2018,E06000024,4578.893910686786
2018,E06000025,7237.043880553043
2018,E06000026,4643.543237861067
2018,E06000027,2093.080161755241
2018,E06000028,4141.679410715973
2018,E06000029,3772.916654154229
2018,E06000030,13686.592999265027
2018,E06000031,10649.145336381183
2018,E06000032,11235.170581216466
2018,E06000033,2988.980493086827
2018,E06000034,3062.785811431027
2018,E06000035,4949.150996980562
2018,E06000036,4065.7530274168244
2018,E06000037,6534.162503721049
2018,E06000038,6819.11047411316
2018,E06000039,5474.184786714109
2018,E06000040,5039.507306472057
2018,E06000041,5704.9795661943945
2018,E06000042,21365.169413369447
2018,E06000043,7883.229260677762
2018,E06000044,5875.489076263634
2018,E06000045,6343.835781495736
2018,E06000046,2742.678085521693
2018,E06000047,8020.678799427822
2018,E06000049,11768.756467208485
2018,E06000050,8578.574703862841
2018,E06000051,5797.915072581821
2018,E06000052,9058.503367214342
2018,E06000053,50.502695192024525
2018,E06000054,10387.275917270252
2018,E06000055,8068.146412590203
2018,E06000056,10975.017612805192
2018,E06000057,4869.467928069419
2018,E07000004,10300.602916285141
2018,E07000005,5076.499699385839
2018,E07000006,4706.433048974271
2018,E07000007,10694.432562325113
2018,E07000008,9481.332946599023
2018,E07000009,3487.925586073591
2018,E07000010,3712.5849093254146
2018,E07000011,7386.527222457357
2018,E07000012,9542.60231814127
2018,E07000026,1685.5412862574233
2018,E07000027,1582.0504425969582
2018,E07000028,2368.384314173677
2018,E07000029,1814.9078056604442
2018,E07000030,1135.3402537242696
2018,E07000031,2265.319722750088
2018,E07000032,2308.1607883581432
2018,E07000033,1253.3389565474063
2018,E07000034,2115.926837892132
2018,E07000035,1640.4368020502734
2018,E07000036,1809.3881012503186
2018,E07000037,1530.4135710870355
2018,E07000038,1243.537974126312
2018,E07000039,2170.052642952342
2018,E07000040,2103.2372053149393
2018,E07000041,4291.244176507871
2018,E07000042,1298.706731571093
2018,E07000043,2336.5545561818176
2018,E07000044,1700.1386945717798
2018,E07000045,2133.3540900410226
2018,E07000046,949.1670601402932
2018,E07000047,801.5209992172064
2018,E07000048,892.4897391860997
2018,E07000049,1449.0179205167376
2018,E07000050,1185.467432460225
2018,E07000051,824.3237980070065
2018,E07000052,2431.6703425209935
2018,E07000053,784.8498357315374
2018,E07000061,2098.476360069749
2018,E07000062,1844.7425300275295
2018,E07000063,1925.018887074222
2018,E07000064,1539.1437747870355
2018,E07000065,3031.4071863932054
2018,E07000066,4089.3020822012622
2018,E07000067,2953.2426967327883
2018,E07000068,1957.7198224125418
2018,E07000069,964.1349005607548
2018,E07000070,4357.035244181593
2018,E07000071,3962.7284393989803
2018,E07000072,2670.6876424824763
2018,E07000073,1857.2556075818115
2018,E07000074,999.0226957443064
2018,E07000075,1323.1245871838773
2018,E07000076,1870.0837880873587
2018,E07000077,2392.5248477983296
2018,E07000078,2990.3337691226334
2018,E07000079,2153.8251040808314
2018,E07000080,1213.3624080092015
2018,E07000081,3428.2590153269384
2018,E07000082,2796.7904907462107
2018,E07000083,2385.51116096127
2018,E07000084,4570.1460846486325
2018,E07000085,2456.001018443568
2018,E07000086,3766.7448195684574
2018,E07000087,2521.836184826334
2018,E07000088,1161.8762425908542
2018,E07000089,2135.2333630743087
2018,E07000090,2283.786615422498
2018,E07000091,3918.410223667708
2018,E07000092,2833.170654127233
2018,E07000093,2915.568159833619
2018,E07000094,4151.3524896131685
2018,E07000095,1845.775345561542
2018,E07000096,3659.964889940207
2018,E07000098,3088.1305316626517
2018,E07000099,5729.945218767178
2018,E07000102,2474.812362117418
2018,E07000103,4212.42419124697
2018,E07000105,2904.9859319569696
2018,E07000106,3236.2919649878772
2018,E07000107,2506.5500337717663
2018,E07000108,2230.365403416384
2018,E07000109,1672.8931305680567
2018,E07000110,3692.234651632356
2018,E07000111,2866.2436048608015
2018,E07000112,1955.0369346430266
2018,E07000113,2468.1235999924775
2018,E07000114,2239.677723061565
2018,E07000115,2792.153182516504
2018,E07000116,2685.495778251673
2018,E07000117,1691.4449299458252
2018,E07000118,1764.8150090406632
2018,E07000119,2212.413942800288
2018,E07000120,1423.4874301745167
2018,E07000121,2559.1885003748066
2018,E07000122,1524.5332854283884
2018,E07000123,3433.435140863101
2018,E07000124,1400.3636271113419
2018,E07000125,889.5751641624954
2018,E07000126,2571.868886100952
2018,E07000127,2116.852432493326
2018,E07000128,1547.3203367965043
2018,E07000129,2995.846683264784
2018,E07000130,2762.282657648097
2018,E07000131,1807.9715829491518
2018,E07000132,2156.634429901621
2018,E07000133,1001.4460486620533
2018,E07000134,2817.7963248225137
2018,E07000135,827.8389900817635
2018,E07000136,1369.2957699917652
2018,E07000137,1993.5777776396847
2018,E07000138,2273.521760102135
2018,E07000139,1879.7306588659112
2018,E07000140,1617.2114150824743
2018,E07000141,2693.4133231503206
2018,E07000142,1343.1220318568794
2018,E07000143,2414.2663626485855
2018,E07000144,2680.8012010375915
2018,E07000145,1667.3133802996547
2018,E07000146,2951.0861560116323
2018,E07000147,1741.1445104622037
2018,E07000148,4186.95746047667
2018,E07000149,2672.5301900539816
2018,E07000150,2996.6782737674216
2018,E07000151,3601.7996446251695
2018,E07000152,2709.592167398807
2018,E07000153,4146.952800083402
2018,E07000154,11756.247792198557
2018,E07000155,3413.978261109116
2018,E07000156,3153.799047881516
2018,E07000163,1419.6327068957103
2018,E07000164,1955.4871666925665
2018,E07000165,3284.3270080127427
2018,E07000166,871.0491225306437
2018,E07000167,1115.2478137890837
2018,E07000168,1770.7599602487412
2018,E07000169,1723.749384699147
2018,E07000170,2662.520677788941
2018,E07000171,2265.826129561166
2018,E07000172,2008.504153858504
2018,E07000173,1609.1256398973019
2018,E07000174,1718.7298180748967
2018,E07000175,2301.946425276185
2018,E07000176,1853.1940931320914
2018,E07000177,9759.440762910961
2018,E07000178,12611.380028892692
2018,E07000179,7481.188526263127
2018,E07000180,7978.168332656638
2018,E07000181,6004.60930958853
2018,E07000187,2186.8881363634428
2018,E07000188,2085.042929035436
2018,E07000189,3098.825089121734
2018,E07000190,2619.502315577074
2018,E07000191,677.975649979095
2018,E07000192,1783.3042942559207
2018,E07000193,2508.7726692153324
2018,E07000194,1974.9510022913605
2018,E07000195,2020.8689213404152
2018,E07000196,1715.6744959886303
2018,E07000197,2770.431323758276
2018,E07000198,1204.684242086653
2018,E07000199,1168.1692736423033
2018,E07000200,1609.5216599338028
2018,E07000201,1240.995168398592
2018,E07000202,3778.737233124192
2018,E07000203,1944.4197969261877
2018,E07000204,3140.103567871082
2018,E07000205,2836.1637519038572
2018,E07000206,1904.1230022584457
2018,E07000207,3264.3200820725515
2018,E07000208,1558.7787991126295
2018,E07000209,4437.356437482499
2018,E07000210,2548.3757741157756
2018,E07000211,3971.7359486200526
2018,E07000212,3569.036444491805
2018,E07000213,2211.8910169154187
2018,E07000214,2915.9424755320774
2018,E07000215,1659.935332049963
2018,E07000216,3013.5305405168765
2018,E07000217,2577.9261860506417
2018,E07000218,2249.7077172675354
2018,E07000219,2268.382912776175
2018,E07000220,2307.465808628001
2018,E07000221,3811.4874167036296
2018,E07000222,5039.112929832154
2018,E07000223,1058.559521993073
2018,E07000224,2475.897058081551
2018,E07000225,3426.2924036845316
2018,E07000226,4949.641789828397
2018,E07000227,3271.679754556604
2018,E07000228,3436.9928069447997
2018,E07000229,2862.2136370207786
2018,E07000234,2737.7566400843266
2018,E07000235,1298.9612851079344
2018,E07000236,1845.175907126407
2018,E07000237,2456.0884712630627
2018,E07000238,2923.9631035228645
2018,E07000239,1579.814021004065
2018,E07000240,3699.5713444707862
2018,E07000241,4639.809035739445
2018,E07000242,3999.6766782620407
2018,E07000243,4970.777802829783
2018,E08000001,5088.138715811421
2018,E08000002,3068.849939344571
2018,E08000003,16741.476756055505
2018,E08000004,3956.1931305416238
2018,E08000005,3302.5971133829667
2018,E08000006,5770.806503161449
2018,E08000007,6132.110732013643
2018,E08000008,3114.633316201258
2018,E08000009,6526.449591159898
2018,E08000010,4675.401394528461
2018,E08000011,2884.777030330692
2018,E08000012,10654.24453738856
2018,E08000013,2677.9899192585185
2018,E08000014,4154.525884234276
2018,E08000015,4732.084872794506
2018,E08000016,3316.088603821948
2018,E08000017,4974.023755092455
2018,E08000018,4450.350137827641
2018,E08000019,10752.127511281467
2018,E08000021,7503.502383890199
2018,E08000022,3670.797403538038
2018,E08000023,1792.9889827330273
2018,E08000024,5697.249569995985
2018,E08000025,23591.16570490527
2018,E08000026,7889.495370328407
2018,E08000027,5377.736197831978
2018,E08000028,6493.693569891236
2018,E08000029,5670.706966700875
2018,E08000030,4858.414492014549
2018,E08000031,4787.9969979540765
2018,E08000032,9714.119951312185
2018,E08000033,4569.377307426882
2018,E08000034,7656.989972496185
2018,E08000035,20082.60415126084
2018,E08000036,6815.098766295563
2018,E08000037,3844.2961896679176
2018,E09000001,55340.62388026298
2018,E09000002,3497.951211081868
2018,E09000003,8964.992560825374
2018,E09000004,4378.608027443667
2018,E09000005,8002.015781485343
2018,E09000006,6354.031060338759
2018,E09000007,25501.667808239665
2018,E09000008,7396.799276948116
2018,E09000009,8713.856024942808
2018,E09000010,5942.409487109358
2018,E09000011,4401.15054565148
2018,E09000012,9115.428580562564
2018,E09000013,10259.330553242884
2018,E09000014,6076.246026748987
2018,E09000015,5205.432433131289
2018,E09000016,4438.814103671457
2018,E09000017,10529.205586948052
2018,E09000018,10971.065925994215
2018,E09000019,17038.80916330831
2018,E09000020,9608.523324571124
2018,E09000021,4460.85317137316
2018,E09000022,10076.27601432861
2018,E09000023,5400.005771933164
2018,E09000024,4969.633492265895
2018,E09000025,7513.628925166887
2018,E09000026,5070.351902386938
2018,E09000027,5185.828258084198
2018,E09000028,17921.311349190408
2018,E09000029,3874.3371354095802
2018,E09000030,28638.97903284257
2018,E09000031,4689.503596667525
2018,E09000032,8458.640326497809
2018,E09000033,51117.22468105059
2018,N09000001,2288.3555604990515
2018,N09000002,3166.2659989704425
2018,N09000003,14562.701174423772
2018,N09000004,1555.1556338636055
2018,N09000005,2219.8592515633713
2018,N09000006,1360.2788112578683
2018,N09000007,2112.7734728047735
2018,N09000008,1934.2971748737766
2018,N09000009,2063.571898780553
2018,N09000010,2153.292416118839
2018,N09000011,1433.5988039214133
2018,S12000005,720.9849669755441
2018,S12000006,3219.616853976329
2018,S12000008,2009.540132453468
2018,S12000010,1739.2985783416495
2018,S12000011,1143.488921212767
2018,S12000013,486.7590578985495
2018,S12000014,3392.9328595191378
2018,S12000015,6799.834416412175
2018,S12000017,5065.341992726787
2018,S12000018,1421.8605885359766
2018,S12000019,1571.6011126767664
2018,S12000020,1712.5775523232303
2018,S12000021,2182.4859988466524
2018,S12000023,501.2950529390275
2018,S12000024,3558.13999357066
2018,S12000026,2456.8210300365404
2018,S12000027,575.2906020505513
2018,S12000028,2221.1237607695784
2018,S12000029,6135.6387576514535
2018,S12000030,2446.7132179506807
2018,S12000033,9066.86720879961
2018,S12000034,6661.406986992008
2018,S12000035,1667.140143879306
2018,S12000036,16664.941019108457
2018,S12000038,4090.3514566690233
2018,S12000039,1502.3318111246979
2018,S12000040,3890.073203369697
2018,S12000041,1936.5270513077196
2018,S12000042,3620.392441077895
2018,S12000044,6607.883277182785
2018,S12000045,1355.390122569608
2018,S12000046,20316.969269914116
2018,W06000001,1081.8672438866602
2018,W06000002,2494.0942911781153
2018,W06000003,1743.5067238299928
2018,W06000004,1684.3468648662545
2018,W06000005,3909.652041995241
2018,W06000006,2699.1427754720185
2018,W06000008,1229.6331973333201
2018,W06000009,1825.8473710540954
2018,W06000010,2878.173966965633
2018,W06000011,4356.017213853345
2018,W06000012,2068.192224680403
2018,W06000013,2400.992851339903
2018,W06000014,1878.145393193597
2018,W06000015,9268.74535921171
2018,W06000016,3509.9712653208016
2018,W06000018,2319.2442613627736
2018,W06000019,878.9912599385236
2018,W06000020,1618.3115922609688
2018,W06000021,1779.592205394401
2018,W06000022,3346.6361276153148
2018,W06000023,2431.349442716527
2018,W06000024,901.6808624228098
2020,E06000001,1393.826169833056
2020,E06000002,2672.053853890103
2020,E06000003,1696.5189883002333
2020,E06000004,3998.242393444075
2020,E06000005,2251.930997117996
2020,E06000006,3381.33029192625
2020,E06000007,6308.53917941125
2020,E06000008,2876.087327105327
2020,E06000009,2408.9178775286687
2020,E06000010,5817.873316550648
2020,E06000011,6280.4390606704055
2020,E06000012,3021.3208975682596
2020,E06000013,3513.2516569458585
2020,E06000014,4419.230591780025
2020,E06000015,5928.148358353865
2020,E06000016,7450.319108919244
2020,E06000017,727.4383900631931
2020,E06000018,9152.074212225205
2020,E06000019,4053.3986675327887
2020,E06000020,3991.7639256234843
2020,E06000021,5170.0999122896055
2020,E06000022,4502.162733177341
2020,E06000023,14301.232315752864
2020,E06000024,4728.485248419975
2020,E06000025,7480.3204449365685
2020,E06000026,4777.042148820287
2020,E06000027,2156.5384747889243
2020,E06000028,4270.46728133332
2020,E06000029,3885.7090350990825
2020,E06000030,14095.440822004506
2020,E06000031,10977.044301992679
2020,E06000032,11662.74383290843
2020,E06000033,3075.506416670203
2020,E06000034,3164.984451491822
2020,E06000035,5078.047787946704
2020,E06000036,4185.987683655399
2020,E06000037,6743.121505986124
2020,E06000038,7032.430697441881
2020,E06000039,5621.017963304821
2020,E06000040,5180.697045204288
2020,E06000041,5921.315486288632
2020,E06000042,23085.81270172359
2020,E06000043,8106.386698015245
2020,E06000044,6034.810026406788
2020,E06000045,6465.763504884249
2020,E06000046,2820.8327091291126
2020,E06000047,8213.043509116776
2020,E06000049,12183.507596170555
2020,E06000050,8801.011088075948
2020,E06000051,5983.967860071603
2020,E06000052,9359.412665943692
2020,E06000053,52.30116716124762
2020,E06000054,10706.229113728798
2020,E06000055,8408.789250777618
2020,E06000056,11482.5346291784
2020,E06000057,4988.937695985556
2020,E07000004,10748.834197286818
2020,E07000005,5207.873420018882
2020,E07000006,4815.860887785253
2020,E07000007,10961.552426296985
2020,E07000008,10302.724922003901
2020,E07000009,3747.809502043892
2020,E07000010,3808.799784213597
2020,E07000011,7721.146697712752
2020,E07000012,10411.062869128333
2020,E07000026,1727.3076508811037
2020,E07000027,1633.3854336795016
2020,E07000028,2428.4111486729553
2020,E07000029,1852.8818794780811
2020,E07000030,1170.6177534250917
2020,E07000031,2331.490112042652
2020,E07000032,2363.0079996837208
2020,E07000033,1288.7633485567399
2020,E07000034,2165.4018175622564
2020,E07000035,1689.2856548702143
2020,E07000036,1850.8649341092876
2020,E07000037,1565.143478146972
2020,E07000038,1269.952596973885
2020,E07000039,2230.357583817149
2020,E07000040,2173.5719886413426
2020,E07000041,4420.053373875679
2020,E07000042,1339.674024121768
2020,E07000043,2418.9967505629497
2020,E07000044,1757.3492732788766
2020,E07000045,2199.4042293316593
2020,E07000046,978.028043195875
2020,E07000047,828.7835907426874
2020,E07000048,919.2293838791634
2020,E07000049,1491.6788896966727
2020,E07000050,1224.6684841271049
2020,E07000051,846.9867361762421
2020,E07000052,2512.5125018719036
2020,E07000053,809.4609556179347
2020,E07000061,2155.1677538358063
2020,E07000062,1890.1838995321928
2020,E07000063,1977.2817024108083
2020,E07000064,1579.6477673254806
2020,E07000065,3116.1350834911045
2020,E07000066,4214.464419263538
2020,E07000067,3034.0700996602027
2020,E07000068,2007.4572992756002
2020,E07000069,994.0070618566072
2020,E07000070,4496.889014351456
2020,E07000071,4073.527680179986
2020,E07000072,2751.655437768564
2020,E07000073,1913.5498330060266
2020,E07000074,1028.6354720513964
2020,E07000075,1363.9561590187175
2020,E07000076,1919.3211057527953
2020,E07000077,2492.298112174363
2020,E07000078,3082.9391959548834
2020,E07000079,2221.587671930778
2020,E07000080,1243.7968138802783
2020,E07000081,3517.4934887648747
2020,E07000082,2875.3476497647966
2020,E07000083,2452.293678893428
2020,E07000084,4696.822391273683
2020,E07000085,2529.325504260994
2020,E07000086,3872.158602017473
2020,E07000087,2590.7806513978703
2020,E07000088,1196.480799620867
2020,E07000089,2205.4389566267437
2020,E07000090,2354.536295628461
2020,E07000091,4029.393657194712
2020,E07000092,2914.177829198995
2020,E07000093,2993.952184163978
2020,E07000094,4285.1042982907775
2020,E07000095,1894.7183467957252
2020,E07000096,3749.9314045819638
2020,E07000098,3174.785416627535
2020,E07000099,5896.896584511819
2020,E07000102,2556.370754882479
2020,E07000103,4324.481403258663
2020,E07000105,2991.5976782163643
2020,E07000106,3331.6852122398714
2020,E07000107,2584.8925395778224
2020,E07000108,2284.4293310113703
2020,E07000109,1714.8904773905424
2020,E07000110,3793.920263218695
2020,E07000111,2946.6292235570704
2020,E07000112,2006.1855595831305
2020,E07000113,2533.9793628866896
2020,E07000114,2299.2100417472057
2020,E07000115,2871.6578482198065
2020,E07000116,2746.880437715533
2020,E07000117,1731.19848194735
2020,E07000118,1817.424452497603
2020,E07000119,2270.7794485119275
2020,E07000120,1459.9738509339652
2020,E07000121,2621.533374968875
2020,E07000122,1567.3650277468473
2020,E07000123,3520.1448026233384
2020,E07000124,1456.977385354143
2020,E07000125,910.23512355089
2020,E07000126,2642.8050241482747
2020,E07000127,2174.890241958822
2020,E07000128,1592.3719951321318
2020,E07000129,3083.9387870628116
2020,E07000130,2828.0250455683877
2020,E07000131,1853.8113793838152
2020,E07000132,2205.9505132252407
2020,E07000133,1025.5073529408146
2020,E07000134,2910.0962293895027
2020,E07000135,847.7973121789918
2020,E07000136,1406.7415835973993
2020,E07000137,2050.4678160837993
2020,E07000138,2340.6795475413624
2020,E07000139,1936.4038945282043
2020,E07000140,1669.4641861827115
2020,E07000141,2773.4455199517797
2020,E07000142,1380.2030697435728
2020,E07000143,2483.1035567464287
2020,E07000144,2759.893669360313
2020,E07000145,1710.7430752371047
2020,E07000146,3035.3612988101504
2020,E07000147,1789.9601382094143
2020,E07000148,4307.668912612366
2020,E07000149,2757.25186216642
2020,E07000150,3076.985694446867
2020,E07000151,3703.1701959112916
2020,E07000152,2780.1996183647293
2020,E07000153,4265.310824093146
2020,E07000154,12076.651760648418
2020,E07000155,3508.5567233958914
2020,E07000156,3231.102141581263
2020,E07000163,1459.8736583914276
2020,E07000164,2015.4834385414008
2020,E07000165,3376.9169739623603
2020,E07000166,896.5642498864701
2020,E07000167,1139.457868594056
2020,E07000168,1823.49844843723
2020,E07000169,1761.8262100011489
2020,E07000170,2736.5892477828993
2020,E07000171,2329.599764131092
2020,E07000172,2064.4337364756866
2020,E07000173,1654.1208514929772
2020,E07000174,1766.3473134944918
2020,E07000175,2377.8429784629757
2020,E07000176,1906.2919467455056
2020,E07000177,10501.586582589236
2020,E07000178,13764.054188852235
2020,E07000179,8104.188378350305
2020,E07000180,8702.569102081174
2020,E07000181,6503.639846273721
2020,E07000187,2255.2594923479755
2020,E07000188,2141.934279984893
2020,E07000189,3191.6632574779005
2020,E07000190,2695.0935620747728
2020,E07000191,696.7636474561675
2020,E07000192,1838.4570734575957
2020,E07000193,2590.3304293116535
2020,E07000194,2039.6396292669144
2020,E07000195,2079.954341597584
2020,E07000196,1774.6614514380522
2020,E07000197,2858.8114779947323
2020,E07000198,1240.9817365176361
2020,E07000199,1203.0603772116467
2020,E07000200,1651.3331022031377
2020,E07000201,1272.9353589782847
2020,E07000202,3881.15655400726
2020,E07000203,2006.229700550378
2020,E07000204,3238.703417867293
2020,E07000205,2911.0158054521553
2020,E07000206,1951.2414939412988
2020,E07000207,3336.4546309412326
2020,E07000208,1595.774173033278
2020,E07000209,4564.178218658262
2020,E07000210,2617.1109638807256
2020,E07000211,4080.5348692964185
2020,E07000212,3666.32943886438
2020,E07000213,2262.983990365967
2020,E07000214,2984.0549297675457
2020,E07000215,1702.0604998346764
2020,E07000216,3103.633418821982
2020,E07000217,2643.680782334797
2020,E07000218,2317.9846825370496
2020,E07000219,2345.787181562827
2020,E07000220,2369.863719209822
2020,E07000221,3912.190731262048
2020,E07000222,5167.103608471096
2020,E07000223,1085.2175800913383
2020,E07000224,2540.9071609420844
2020,E07000225,3512.906801719844
2020,E07000226,5060.123976330577
2020,E07000227,3354.8950100688144
2020,E07000228,3509.8832910487495
2020,E07000229,2920.055420312849
2020,E07000234,2813.8823530197055
2020,E07000235,1339.3793191616342
2020,E07000236,1898.4262775529885
2020,E07000237,2529.076692787789
2020,E07000238,3018.0591380933292
2020,E07000239,1618.133786438449
2020,E07000240,3799.3460137467287
2020,E07000241,4810.6129168424695
2020,E07000242,4113.11750944703
2020,E07000243,5105.890299922298
2020,E08000001,5204.032095649364
2020,E08000002,3153.0016978852905
2020,E08000003,17305.50240043153
2020,E08000004,4052.788476233937
2020,E08000005,3387.1701738885918
2020,E08000006,5921.191738891487
2020,E08000007,6288.948639035628
2020,E08000008,3188.9392641098916
2020,E08000009,6688.001383088007
2020,E08000010,4796.965126635857
2020,E08000011,2968.4456472542524
2020,E08000012,10994.666411343938
2020,E08000013,2745.1205899385855
2020,E08000014,4273.537766425625
2020,E08000015,4849.83198952105
2020,E08000016,3397.075477881514
2020,E08000017,5111.995809154609
2020,E08000018,4566.829869974429
2020,E08000019,11054.057637648508
2020,E08000021,7744.630765924215
2020,E08000022,3776.2544803677088
2020,E08000023,1838.8776120661003
2020,E08000024,5819.566572855842
2020,E08000025,24230.640057997338
2020,E08000026,8108.145940652641
2020,E08000027,5526.899785019427
2020,E08000028,6636.957396334091
2020,E08000029,5849.624921503276
2020,E08000030,4987.28779787666
2020,E08000031,4935.661994724124
2020,E08000032,9949.031558111896
2020,E08000033,4686.503148688039
2020,E08000034,7841.557065612086
2020,E08000035,20608.93241934467
2020,E08000036,7001.865581111154
2020,E08000037,3940.8519588192426
2020,E09000001,57415.555801188646
2020,E09000002,3601.297768558146
2020,E09000003,9267.546530795425
2020,E09000004,4505.935295797599
2020,E09000005,8246.358939231128
2020,E09000006,6564.40055243002
2020,E09000007,26359.719889004362
2020,E09000008,7634.044714334544
2020,E09000009,8990.229622700766
2020,E09000010,6109.872253813943
2020,E09000011,4557.06082319742
2020,E09000012,9477.788109852221
2020,E09000013,10592.91323467281
2020,E09000014,6302.05692450237
2020,E09000015,5374.859422752512
2020,E09000016,4567.035093792711
2020,E09000017,10866.870475263182
2020,E09000018,11371.346430713103
2020,E09000019,17667.357161487536
2020,E09000020,9925.692163412285
2020,E09000021,4605.902694958694
2020,E09000022,10436.589232005043
2020,E09000023,5564.426223201322
2020,E09000024,5119.3514373093485
2020,E09000025,7766.6172857651845
2020,E09000026,5243.381806065095
2020,E09000027,5368.650045516861
2020,E09000028,18581.42759560617
2020,E09000029,3992.3918241615484
2020,E09000030,29855.622735826848
2020,E09000031,4843.232522672947
2020,E09000032,8724.726254778514
2020,E09000033,52904.18850496209
2020,N09000001,2356.032457970827
2020,N09000002,3259.906630295217
2020,N09000003,14993.385309051277
2020,N09000004,1601.1485338317766
2020,N09000005,2285.5104071631004
2020,N09000006,1400.5083329421864
2020,N09000007,2175.2576235059487
2020,N09000008,1991.5029840773645
2020,N09000009,2124.6009391229345
2020,N09000010,2216.9748929978437
2020,N09000011,1475.996725356092
2020,S12000005,739.9776052143084
2020,S12000006,3305.292796056504
2020,S12000008,2065.7631247447457
2020,S12000010,1780.8520518554215
2020,S12000011,1176.0034030662873
2020,S12000013,498.54279310582314
2020,S12000014,3482.7406925003247
2020,S12000015,6978.2022675747885
2020,S12000017,5200.106496585029
2020,S12000018,1464.2391320102868
2020,S12000019,1614.7999691842897
2020,S12000020,1756.2987873566728
2020,S12000021,2230.1137873484313
2020,S12000023,515.1809430574391
2020,S12000024,3634.0660601819395
2020,S12000026,2514.247111817179
2020,S12000027,588.2716125267671
2020,S12000028,2280.9815356695576
2020,S12000029,6281.966448055982
2020,S12000030,2518.1713354107
2020,S12000033,9236.835393211295
2020,S12000034,6795.60060674279
2020,S12000035,1708.1086577934425
2020,S12000036,17120.73323178584
2020,S12000038,4206.495194292092
2020,S12000039,1549.3109641264627
2020,S12000040,4021.527202619084
2020,S12000041,1981.9210949671333
2020,S12000042,3710.8017097674765
2020,S12000044,6814.762685334132
2020,S12000045,1383.3241687533744
2020,S12000046,20830.61166003289
2020,W06000001,1107.0419924266919
2020,W06000002,2567.135175089472
2020,W06000003,1790.8623846611088
2020,W06000004,1732.2873229708614
2020,W06000005,4051.7673906780897
2020,W06000006,2770.3929656336527
2020,W06000008,1267.0808539575335
2020,W06000009,1880.7944935259475
2020,W06000010,2954.270333080492
2020,W06000011,4469.688249855257
2020,W06000012,2120.9833146472274
2020,W06000013,2470.8480133781372
2020,W06000014,1932.7419584268262
2020,W06000015,9515.265741619247
2020,W06000016,3596.809753204603
2020,W06000018,2385.400262643954
2020,W06000019,904.3362960646818
2020,W06000020,1666.3593356804836
2020,W06000021,1822.2724297219022
2020,W06000022,3438.1619732182044
2020,W06000023,2490.365395094982
2020,W06000024,929.0271965689559
2030,E06000001,1582.6336618922662
2030,E06000002,2981.441990230343
2030,E06000003,1902.0717625793031
2030,E06000004,4515.67393429479
2030,E06000005,2534.221088151128
2030,E06000006,3852.088484695205
2030,E06000007,7076.739688170068
2030,E06000008,3259.2308161978544
2030,E06000009,2797.6611929381334
2030,E06000010,6448.486583560487
2030,E06000011,7154.297982350528
2030,E06000012,3302.07271307325
2030,E06000013,3839.9634182306
2030,E06000014,5108.127708683997
2030,E06000015,6693.228684609886
2030,E06000016,8443.28536473322
2030,E06000017,824.5221273937615
2030,E06000018,10385.113022657886
2030,E06000019,4618.597757240647
2030,E06000020,4679.49226189348
2030,E06000021,5864.731781263998
2030,E06000022,5164.870917547506
2030,E06000023,16215.02597330996
2030,E06000024,5476.441937085922
2030,E06000025,8696.703266854202
2030,E06000026,5444.536703616388
2030,E06000027,2473.83003995734
2030,E06000028,4914.40663442005
2030,E06000029,4449.670939823353
2030,E06000030,16139.679935701872
2030,E06000031,12616.539130050154
2030,E06000032,13800.610091368291
2030,E06000033,3508.1360345870785
2030,E06000034,3675.9776517957935
2030,E06000035,5722.5317427774235
2030,E06000036,4787.16096484827
2030,E06000037,7787.916517311504
2030,E06000038,8099.031814085488
2030,E06000039,6355.183846258401
2030,E06000040,5886.645738865444
2030,E06000041,7002.9950867598245
2030,E06000042,31689.029143494285
2030,E06000043,9222.173884702655
2030,E06000044,6831.4147771225635
2030,E06000045,7075.402121826816
2030,E06000046,3211.6058271662096
2030,E06000047,9174.867057561556
2030,E06000049,14257.263240980914
2030,E06000050,9913.19300914148
2030,E06000051,6914.231797520501
2030,E06000052,10863.959159590451
2030,E06000053,61.293527007363096
2030,E06000054,12300.995096021525
2030,E06000055,10112.003441714705
2030,E06000056,14020.119711044417
2030,E06000057,5586.286535566239
2030,E07000004,12989.990602295187
2030,E07000005,5864.742023184084
2030,E07000006,5363.0000818401595
2030,E07000007,12297.151746156342
2030,E07000008,14409.684799028295
2030,E07000009,5047.229081895402
2030,E07000010,4289.874158654512
2030,E07000011,9394.244073989732
2030,E07000012,14753.365624063646
2030,E07000026,1936.139473999507
2030,E07000027,1890.0603890922182
2030,E07000028,2728.5453211693543
2030,E07000029,2042.752248566267
2030,E07000030,1347.0052519292037
2030,E07000031,2662.342058505468
2030,E07000032,2637.244056311609
2030,E07000033,1465.8853086034067
2030,E07000034,2412.7767159128816
2030,E07000035,1933.5299189699158
2030,E07000036,2058.2490984041356
2030,E07000037,1738.7930134466528
2030,E07000038,1402.0257112117479
2030,E07000039,2531.8822881411843
2030,E07000040,2525.245905273359
2030,E07000041,5064.099360714724
2030,E07000042,1544.5104868751453
2030,E07000043,2831.2077224686122
2030,E07000044,2043.4021668143623
2030,E07000045,2529.6549257848405
2030,E07000046,1122.3329584737855
2030,E07000047,965.0965483700911
2030,E07000048,1052.9276073444823
2030,E07000049,1704.9837355963484
2030,E07000050,1420.6737424615058
2030,E07000051,960.301427022421
2030,E07000052,2916.723298626458
2030,E07000053,932.5165550499206
2030,E07000061,2438.624722666097
2030,E07000062,2117.3907470555096
2030,E07000063,2238.5957790937387
2030,E07000064,1782.1677300177075
2030,E07000065,3539.7745689806006
2030,E07000066,4840.276104574921
2030,E07000067,3438.207114297275
2030,E07000068,2256.144683590895
2030,E07000069,1143.3678683358698
2030,E07000070,5196.1578652007765
2030,E07000071,4627.523884085019
2030,E07000072,3156.494414198995
2030,E07000073,2195.020960127099
2030,E07000074,1176.699353586849
2030,E07000075,1568.11401819292
2030,E07000076,2165.507694079981
2030,E07000077,2991.1644340545317
2030,E07000078,3545.9663301161304
2030,E07000079,2560.400511180512
2030,E07000080,1395.968843235662
2030,E07000081,3963.665855954549
2030,E07000082,3268.1334448577177
2030,E07000083,2786.2062685542173
2030,E07000084,5330.20392439893
2030,E07000085,2895.947933348129
2030,E07000086,4399.227514262554
2030,E07000087,2935.5029842555487
2030,E07000088,1369.503584770931
2030,E07000089,2556.4669243889193
2030,E07000090,2708.284696658274
2030,E07000091,4584.310824829733
2030,E07000092,3319.213704557812
2030,E07000093,3385.872305815772
2030,E07000094,4953.863341678825
2030,E07000095,2139.4333529666396
2030,E07000096,4199.763977790755
2030,E07000098,3608.0598414519504
2030,E07000099,6731.653413235029
2030,E07000102,2964.162718707784
2030,E07000103,4884.767463317134
2030,E07000105,3424.656409513338
2030,E07000106,3808.651448499843
2030,E07000107,2976.605068608107
2030,E07000108,2554.7489689863023
2030,E07000109,1924.877211502973
2030,E07000110,4302.348321150392
2030,E07000111,3348.5573170384196
2030,E07000112,2261.9286842836486
2030,E07000113,2863.258177357748
2030,E07000114,2596.8716351754156
2030,E07000115,3269.181176736327
2030,E07000116,3053.803735034833
2030,E07000117,1929.9662419549784
2030,E07000118,2080.4716697823033
2030,E07000119,2562.6069770701156
2030,E07000120,1642.4059547312102
2030,E07000121,2933.257747939218
2030,E07000122,1781.5237393391426
2030,E07000123,3953.693111424529
2030,E07000124,1740.0461765681457
2030,E07000125,1013.5349204928618
2030,E07000126,2997.4857143848894
2030,E07000127,2465.079289286303
2030,E07000128,1817.6302868102675
2030,E07000129,3524.3993060529515
2030,E07000130,3156.7369851698477
2030,E07000131,2083.0103615571306
2030,E07000132,2452.5309298433426
2030,E07000133,1145.813874334619
2030,E07000134,3371.595752224445
2030,E07000135,947.588922665132
2030,E07000136,1593.9706516255687
2030,E07000137,2334.918008304375
2030,E07000138,2676.468484737497
2030,E07000139,2219.7700728396694
2030,E07000140,1930.7280416838926
2030,E07000141,3173.6065039590803
2030,E07000142,1565.6082591770416
2030,E07000143,2827.2895272356445
2030,E07000144,3155.3560109739174
2030,E07000145,1927.891549924349
2030,E07000146,3456.737012802738
2030,E07000147,2034.0382769454711
2030,E07000148,4911.226173290845
2030,E07000149,3180.8602227286065
2030,E07000150,3478.522797844095
2030,E07000151,4210.022952341911
2030,E07000152,3133.2368731943425
2030,E07000153,4857.10094414187
2030,E07000154,13678.671602897719
2030,E07000155,3981.4490348297754
2030,E07000156,3617.617610079998
2030,E07000163,1661.078415870018
2030,E07000164,2315.464797785574
2030,E07000165,3839.866803710449
2030,E07000166,1024.1398866656016
2030,E07000167,1260.5081426189147
2030,E07000168,2087.190889379675
2030,E07000169,1952.2103365111604
2030,E07000170,3106.9320977526936
2030,E07000171,2648.467936980717
2030,E07000172,2344.081649561597
2030,E07000173,1879.0969094713564
2030,E07000174,2004.434790592469
2030,E07000175,2757.3257443969324
2030,E07000176,2171.781214812579
2030,E07000177,14212.315680980622
2030,E07000178,19527.424988649927
2030,E07000179,11219.187638786203
2030,E07000180,12324.572949203844
2030,E07000181,8998.792529699673
2030,E07000187,2597.1162722706395
2030,E07000188,2426.3910347321766
2030,E07000189,3655.854099258736
2030,E07000190,3073.049794563268
2030,E07000191,790.7036348415313
2030,E07000192,2114.2209694659714
2030,E07000193,2998.119229793254
2030,E07000194,2363.082764144681
2030,E07000195,2375.3814428834253
2030,E07000196,2069.596228685164
2030,E07000197,3300.7122491770106
2030,E07000198,1422.4692086725538
2030,E07000199,1377.5158950583673
2030,E07000200,1860.3903135498138
2030,E07000201,1432.6363118767479
2030,E07000202,4393.253158422603
2030,E07000203,2315.2792186713336
2030,E07000204,3731.702667848344
2030,E07000205,3285.276073193652
2030,E07000206,2186.8339523555605
2030,E07000207,3697.12737528464
2030,E07000208,1780.7510426365207
2030,E07000209,5198.287124537084
2030,E07000210,2960.7869127054737
2030,E07000211,4624.529472678245
2030,E07000212,4152.794410727265
2030,E07000213,2518.448857618709
2030,E07000214,3324.6172009448837
2030,E07000215,1912.686338758243
2030,E07000216,3554.147810347512
2030,E07000217,2972.4537637555763
2030,E07000218,2659.3695088846202
2030,E07000219,2732.808525496089
2030,E07000220,2681.8532721189245
2030,E07000221,4415.707304054133
2030,E07000222,5807.057001665813
2030,E07000223,1218.507870582664
2030,E07000224,2865.9576752447533
2030,E07000225,3945.9787918964103
2030,E07000226,5612.534908841471
2030,E07000227,3770.971287629864
2030,E07000228,3874.335711568503
2030,E07000229,3209.2643367731994
2030,E07000234,3194.5109176965993
2030,E07000235,1541.469489430134
2030,E07000236,2164.6781296858917
2030,E07000237,2894.017800411418
2030,E07000238,3488.539310945654
2030,E07000239,1809.7326136103718
2030,E07000240,4298.219360126445
2030,E07000241,5664.632322357591
2030,E07000242,4680.321665371975
2030,E07000243,5781.452785384884
2030,E08000001,5783.498994839065
2030,E08000002,3573.7604905888898
2030,E08000003,20125.630622311666
2030,E08000004,4535.765204695505
2030,E08000005,3810.0354764167205
2030,E08000006,6673.117917541694
2030,E08000007,7073.138174145541
2030,E08000008,3560.4690036530624
2030,E08000009,7495.760342728542
2030,E08000010,5404.783787172837
2030,E08000011,3386.7887318720573
2030,E08000012,12696.775781120814
2030,E08000013,3080.7739433389143
2030,E08000014,4868.597177382371
2030,E08000015,5438.567573153779
2030,E08000016,3802.0098481793457
2030,E08000017,5801.8560794653895
2030,E08000018,5149.228530708373
2030,E08000019,12563.708269483704
2030,E08000021,8950.272676094306
2030,E08000022,4303.539864516067
2030,E08000023,2068.3207587314637
2030,E08000024,6431.151587155124
2030,E08000025,27428.011823457655
2030,E08000026,9201.398792273805
2030,E08000027,6272.717720956683
2030,E08000028,7353.276528548379
2030,E08000029,6744.214695515292
2030,E08000030,5631.6543271872115
2030,E08000031,5673.986978574367
2030,E08000032,11123.589592110447
2030,E08000033,5272.132354993825
2030,E08000034,8764.392531191592
2030,E08000035,23240.57375976382
2030,E08000036,7935.699655189108
2030,E08000037,4423.6308045758615
2030,E09000001,67790.21540581704
2030,E09000002,4118.030555939531
2030,E09000003,10780.316380645685
2030,E09000004,5142.571637567254
2030,E09000005,9468.074727960066
2030,E09000006,7616.248012886319
2030,E09000007,30649.980292827848
2030,E09000008,8820.27190126667
2030,E09000009,10372.09761149057
2030,E09000010,6947.18608733686
2030,E09000011,5336.612210927125
2030,E09000012,11289.585756300514
2030,E09000013,12260.826641822454
2030,E09000014,7431.111413269274
2030,E09000015,6221.994370858614
2030,E09000016,5208.140044398973
2030,E09000017,12555.194916838824
2030,E09000018,13372.748954307535
2030,E09000019,20810.097152383674
2030,E09000020,11511.536357618079
2030,E09000021,5331.150312886359
2030,E09000022,12238.155320387212
2030,E09000023,6386.528479542107
2030,E09000024,5867.941162526614
2030,E09000025,9031.55908875668
2030,E09000026,6108.531324455881
2030,E09000027,6282.758982680171
2030,E09000028,21882.00882768495
2030,E09000029,4582.665267921392
2030,E09000030,35938.841250748235
2030,E09000031,5611.877152700059
2030,E09000032,10055.155896182037
2030,E09000033,61839.007624519574
2030,N09000001,2694.416945329703
2030,N09000002,3728.109786919092
2030,N09000003,17146.805982188813
2030,N09000004,1831.1130336726312
2030,N09000005,2613.766185161739
2030,N09000006,1601.655941363778
2030,N09000007,2487.6783770118254
2030,N09000008,2277.5320300953017
2030,N09000009,2429.7461408348377
2030,N09000010,2535.387277392874
2030,N09000011,1687.9863325294848
2030,S12000005,834.9407964081282
2030,S12000006,3733.672506457378
2030,S12000008,2346.878086201133
2030,S12000010,1988.6194194242805
2030,S12000011,1338.5758123338917
2030,S12000013,557.4614691421918
2030,S12000014,3931.7798574062567
2030,S12000015,7870.041523387868
2030,S12000017,5873.929015876254
2030,S12000018,1676.1318493818358
2030,S12000019,1830.7942517219042
2030,S12000020,1974.904962523887
2030,S12000021,2468.2527298573223
2030,S12000023,584.6103936494959
2030,S12000024,4013.6963932383396
2030,S12000026,2801.3775207203726
2030,S12000027,653.1766649078444
2030,S12000028,2580.270410169454
2030,S12000029,7013.60490007862
2030,S12000030,2875.4619227108014
2030,S12000033,10086.676315269717
2030,S12000034,7466.568705496693
2030,S12000035,1912.9512273641242
2030,S12000036,19399.694295172772
2030,S12000038,4787.213882407439
2030,S12000039,1784.2067291352864
2030,S12000040,4678.797198866019
2030,S12000041,2208.8913132641965
2030,S12000042,4162.848053215378
2030,S12000044,7849.15972609087
2030,S12000045,1522.9943996722063
2030,S12000046,23398.823610626805
2030,W06000001,1232.9157351268493
2030,W06000002,2932.3395946462506
2030,W06000003,2027.6406888166914
2030,W06000004,1971.9896134938947
2030,W06000005,4762.344134092331
2030,W06000006,3126.643916441818
2030,W06000008,1454.319137078597
2030,W06000009,2155.530105885207
2030,W06000010,3334.7521636547835
2030,W06000011,5038.043429864814
2030,W06000012,2384.938764481351
2030,W06000013,2820.1238235693118
2030,W06000014,2205.7247845929696
2030,W06000015,10747.867653656936
2030,W06000016,4031.002192623609
2030,W06000018,2716.180269049852
2030,W06000019,1031.0614766954725
2030,W06000020,1906.5980527780598
2030,W06000021,2035.673551359411
2030,W06000022,3895.791201232654
2030,W06000023,2785.4451569872604
2030,W06000024,1065.7588672996874
2050,E06000001,1960.2486460106866
2050,E06000002,3600.2182629108247
2050,E06000003,2313.177311137445
2050,E06000004,5550.537015996223
2050,E06000005,3098.8012702173937
2050,E06000006,4793.604870233114
2050,E06000007,8613.140705687705
2050,E06000008,4025.5177943829126
2050,E06000009,3575.1478237570623
2050,E06000010,7709.713117580163
2050,E06000011,8902.015825710778
2050,E06000012,3863.5763440832293
2050,E06000013,4493.386940800085
2050,E06000014,6485.921942491942
2050,E06000015,8223.389337121931
2050,E06000016,10429.21787636117
2050,E06000017,1018.6896020548979
2050,E06000018,12851.19064352326
2050,E06000019,5748.995936656365
2050,E06000020,6054.948934433473
2050,E06000021,7253.995519212788
2050,E06000022,6490.287286287839
2050,E06000023,20042.613288424145
2050,E06000024,6972.3553144178195
2050,E06000025,11129.468910689471
2050,E06000026,6779.525813208586
2050,E06000027,3108.4131702941736
2050,E06000028,6202.285340593512
2050,E06000029,5577.594749271897
2050,E06000030,20228.158163096603
2050,E06000031,15895.528786165107
2050,E06000032,18076.34260828801
2050,E06000033,4373.395270420832
2050,E06000034,4697.964052403736
2050,E06000035,7011.499652438861
2050,E06000036,5989.507527234011
2050,E06000037,9877.506539962267
2050,E06000038,10232.2340473727
2050,E06000039,7823.515612165559
2050,E06000040,7298.543126187757
2050,E06000041,9166.354287702206
2050,E06000042,48895.46202703567
2050,E06000043,11453.74825807748
2050,E06000044,8424.624278554113
2050,E06000045,8294.679355711949
2050,E06000046,3993.152063240404
2050,E06000047,11098.514154451113
2050,E06000049,18404.774530601626
2050,E06000050,12137.556851272539
2050,E06000051,8774.759672418293
2050,E06000052,13873.052146883976
2050,E06000053,79.27824669959402
2050,E06000054,15490.52706060698
2050,E06000055,13518.431823588879
2050,E06000056,19095.28987477645
2050,E06000057,6780.984214727606
2050,E07000004,17472.303412311918
2050,E07000005,7178.479229514494
2050,E07000006,6457.278469949976
2050,E07000007,14968.350385875052
2050,E07000008,22623.604553077075
2050,E07000009,7646.0682415984165
2050,E07000010,5252.02290753634
2050,E07000011,12740.43882654369
2050,E07000012,23437.971133934283
2050,E07000026,2353.8031202363136
2050,E07000027,2403.41029991765
2050,E07000028,3328.813666162151
2050,E07000029,2422.49298674264
2050,E07000030,1699.780248937427
2050,E07000031,3324.045951431101
2050,E07000032,3185.716169567383
2050,E07000033,1820.1292286967412
2050,E07000034,2907.5265126141308
2050,E07000035,2422.0184471693215
2050,E07000036,2473.01742699383
2050,E07000037,2086.092084046015
2050,E07000038,1666.1719396874723
2050,E07000039,3134.931696789254
2050,E07000040,3228.593738537391
2050,E07000041,6352.191334392811
2050,E07000042,1954.1834123818983
2050,E07000043,3655.6296662799355
2050,E07000044,2615.507953885334
2050,E07000045,3190.156318691204
2050,E07000046,1410.942789029606
2050,E07000047,1237.7224636248989
2050,E07000048,1320.3240542751194
2050,E07000049,2131.593427395701
2050,E07000050,1812.6842591303073
2050,E07000051,1186.930808714778
2050,E07000052,3725.144892135569
2050,E07000053,1178.6277539138935
2050,E07000061,3005.5386603266784
2050,E07000062,2571.8044421021423
2050,E07000063,2761.2239324596
2050,E07000064,2187.2076554021614
2050,E07000065,4387.053539959589
2050,E07000066,6091.899475197687
2050,E07000067,4246.481143571421
2050,E07000068,2753.519452221483
2050,E07000069,1442.089481294395
2050,E07000070,6594.695566899415
2050,E07000071,5735.516291895086
2050,E07000072,3966.1723670598567
2050,E07000073,2757.963214369244
2050,E07000074,1472.8271166577535
2050,E07000075,1976.4297365413238
2050,E07000076,2657.8808707343514
2050,E07000077,3988.897077814871
2050,E07000078,4472.020598438624
2050,E07000079,3238.026189679978
2050,E07000080,1700.3129019464297
2050,E07000081,4856.010590333899
2050,E07000082,4053.705035043561
2050,E07000083,3454.0314478757978
2050,E07000084,6596.966990649427
2050,E07000085,3629.192791522402
2050,E07000086,5453.365338752715
2050,E07000087,3624.9476499709076
2050,E07000088,1715.5491550710587
2050,E07000089,3258.522859913271
2050,E07000090,3415.7814987179
2050,E07000091,5694.145160099775
2050,E07000092,4129.285455275445
2050,E07000093,4169.712549119358
2050,E07000094,6291.381428454919
2050,E07000095,2628.863365308469
2050,E07000096,5099.429124208335
2050,E07000098,4474.60869110078
2050,E07000099,8401.167070681451
2050,E07000102,3779.746646358392
2050,E07000103,6005.339583434077
2050,E07000105,4290.773872107283
2050,E07000106,4762.583921019783
2050,E07000107,3760.030126668675
2050,E07000108,3095.3882449361677
2050,E07000109,2344.850679727833
2050,E07000110,5319.204437013786
2050,E07000111,4152.413504001113
2050,E07000112,2773.414933684686
2050,E07000113,3521.8158062998623
2050,E07000114,3192.194822031833
2050,E07000115,4064.2278337693674
2050,E07000116,3667.650329673432
2050,E07000117,2327.5017619702353
2050,E07000118,2606.5661043517034
2050,E07000119,3146.2620341864927
2050,E07000120,2007.2701623256994
2050,E07000121,3556.706493879906
2050,E07000122,2209.8411625237327
2050,E07000123,4820.7897290269075
2050,E07000124,2306.1837589961538
2050,E07000125,1220.1345143768067
2050,E07000126,3706.8470948581203
2050,E07000127,3045.4573839412647
2050,E07000128,2268.146870166539
2050,E07000129,4405.320344033231
2050,E07000130,3814.160864372768
2050,E07000131,2541.408325903762
2050,E07000132,2945.691763079549
2050,E07000133,1386.4269171222293
2050,E07000134,4294.594797894327
2050,E07000135,1147.172143637412
2050,E07000136,1968.4287876819076
2050,E07000137,2903.818392745525
2050,E07000138,3348.0463591297666
2050,E07000139,2786.5024294625987
2050,E07000140,2453.2557526862574
2050,E07000141,3973.928471973677
2050,E07000142,1936.4186380439799
2050,E07000143,3515.661468214075
2050,E07000144,3946.2806942011257
2050,E07000145,2362.188499298838
2050,E07000146,4299.488440787915
2050,E07000147,2522.1945544175833
2050,E07000148,6118.340694647797
2050,E07000149,4028.0769438529815
2050,E07000150,4281.597004638548
2050,E07000151,5223.728465203146
2050,E07000152,3839.311382853569
2050,E07000153,6040.681184239319
2050,E07000154,16882.711287396323
2050,E07000155,4927.2336576975395
2050,E07000156,4390.648547077467
2050,E07000163,2063.487930827197
2050,E07000164,2915.427516273919
2050,E07000165,4765.766463206627
2050,E07000166,1279.2911602238648
2050,E07000167,1502.608690668633
2050,E07000168,2614.5757712645645
2050,E07000169,2332.9785895311816
2050,E07000170,3847.6177976922827
2050,E07000171,3286.2042826799698
2050,E07000172,2903.377475733417
2050,E07000173,2329.049025428116
2050,E07000174,2480.609744788423
2050,E07000175,3516.2912762648457
2050,E07000176,2702.7597509467255
2050,E07000177,21633.77387776339
2050,E07000178,31054.16658824531
2050,E07000179,17449.186159658
2050,E07000180,19568.58064344918
2050,E07000181,13989.09789655158
2050,E07000187,3280.8298321159687
2050,E07000188,2995.3045442267444
2050,E07000189,4584.235782820407
2050,E07000190,3828.962259540257
2050,E07000191,978.5836096122587
2050,E07000192,2665.7487614827232
2050,E07000193,3813.696830756458
2050,E07000194,3009.9690339002136
2050,E07000195,2966.2356454551086
2050,E07000196,2659.465783179387
2050,E07000197,4184.513791541568
2050,E07000198,1785.4441529823882
2050,E07000199,1726.426930751808
2050,E07000200,2278.5047362431656
2050,E07000201,1752.0382176736725
2050,E07000202,5417.446367253285
2050,E07000203,2933.3782549132443
2050,E07000204,4717.701167810447
2050,E07000205,4033.796608676645
2050,E07000206,2658.018869184084
2050,E07000207,4418.472863971457
2050,E07000208,2150.704781843006
2050,E07000209,6466.50493629473
2050,E07000210,3648.1388103549707
2050,E07000211,5712.518679441895
2050,E07000212,5125.724354453035
2050,E07000213,3029.3785921241943
2050,E07000214,4005.741743299559
2050,E07000215,2333.938016605376
2050,E07000216,4455.176593398568
2050,E07000217,3629.9997265971333
2050,E07000218,3342.1391615797615
2050,E07000219,3506.8512133626114
2050,E07000220,3305.832377937128
2050,E07000221,5422.740449638307
2050,E07000222,7086.963788055246
2050,E07000223,1485.088451565316
2050,E07000224,3516.0587038500903
2050,E07000225,4812.122772249541
2050,E07000226,6717.3567738632555
2050,E07000227,4603.123842751966
2050,E07000228,4603.240552608009
2050,E07000229,3787.682169693899
2050,E07000234,3955.7680470503897
2050,E07000235,1945.6498299671337
2050,E07000236,2697.1818339516985
2050,E07000237,3623.9000156586762
2050,E07000238,4429.499656650304
2050,E07000239,2192.930267954217
2050,E07000240,5295.966052885877
2050,E07000241,7372.671133387837
2050,E07000242,5814.729977221869
2050,E07000243,7132.577756310049
2050,E08000001,6942.432793218468
2050,E08000002,4415.278075996084
2050,E08000003,25765.887066071933
2050,E08000004,5501.718661618641
2050,E08000005,4655.766081472976
2050,E08000006,8176.970274842107
2050,E08000007,8641.517244365368
2050,E08000008,4303.528482739404
2050,E08000009,9111.278262009615
2050,E08000010,6620.421108246797
2050,E08000011,4223.474901107667
2050,E08000012,16100.994520674576
2050,E08000013,3752.080650139574
2050,E08000014,6058.715999295863
2050,E08000015,6616.0387404192315
2050,E08000016,4611.878588775007
2050,E08000017,7181.576620086954
2050,E08000018,6314.02585217626
2050,E08000019,15583.009533154089
2050,E08000021,11361.556496434481
2050,E08000022,5358.110632812777
2050,E08000023,2527.2070520621915
2050,E08000024,7654.321615753689
2050,E08000025,33822.75535437829
2050,E08000026,11387.904495516135
2050,E08000027,7764.353592831192
2050,E08000028,8785.914792976953
2050,E08000029,8533.394243539324
2050,E08000030,6920.387385808319
2050,E08000031,7150.636946274855
2050,E08000032,13472.70566010756
2050,E08000033,6443.390767605393
2050,E08000034,10610.06346235061
2050,E08000035,28503.85644060215
2050,E08000036,9803.36780334502
2050,E08000037,5389.188496089098
2050,E09000001,88539.53461507376
2050,E09000002,5151.496130702304
2050,E09000003,13805.856080346197
2050,E09000004,6415.844321106559
2050,E09000005,11911.506305417932
2050,E09000006,9719.942933798917
2050,E09000007,39230.50110047483
2050,E09000008,11192.72627513093
2050,E09000009,13135.833589070175
2050,E09000010,8621.813754382694
2050,E09000011,6895.714986386536
2050,E09000012,14913.18104919709
2050,E09000013,15596.653456121745
2050,E09000014,9689.220390803084
2050,E09000015,7916.264267070817
2050,E09000016,6490.349945611498
2050,E09000017,15931.84379999013
2050,E09000018,17375.55400149639
2050,E09000019,27095.57713417595
2050,E09000020,14683.224746029673
2050,E09000021,6781.645548741689
2050,E09000022,15841.287497151545
2050,E09000023,8030.7329922236795
2050,E09000024,7365.120612961146
2050,E09000025,11561.442694739671
2050,E09000026,7838.8303612374575
2050,E09000027,8110.976857006795
2050,E09000028,28483.17129184252
2050,E09000029,5763.212155441077
2050,E09000030,48105.278280590996
2050,E09000031,7149.166412754282
2050,E09000032,12716.015178989079
2050,E09000033,79708.64586363453
2050,N09000001,3371.1859200474537
2050,N09000002,4664.516100166841
2050,N09000003,21453.647328463878
2050,N09000004,2291.0420333543407
2050,N09000005,3270.2777411590196
2050,N09000006,2003.9511582069615
2050,N09000007,3112.5198840235785
2050,N09000008,2849.590122131174
2050,N09000009,3040.036544258645
2050,N09000010,3172.2120461829327
2050,N09000011,2111.9655468762726
2050,S12000005,1024.8671787957687
2050,S12000006,4590.431927259123
2050,S12000008,2909.108009113907
2050,S12000010,2404.1541545619984
2050,S12000011,1663.7206308691007
2050,S12000013,675.2988212149287
2050,S12000014,4829.858187218119
2050,S12000015,9653.72003501403
2050,S12000017,7221.574054458703
2050,S12000018,2099.9172841249347
2050,S12000019,2262.7828167971334
2050,S12000020,2412.117312858317
2050,S12000021,2944.530614875102
2050,S12000023,723.46929483361
2050,S12000024,4772.957059351138
2050,S12000026,3375.6383385267623
2050,S12000027,782.9867696699995
2050,S12000028,3178.8481591692475
2050,S12000029,8476.881804123896
2050,S12000030,3590.043097311003
2050,S12000033,11786.358159386553
2050,S12000034,8808.504903004505
2050,S12000035,2322.636366505489
2050,S12000036,23957.616421946623
2050,S12000038,5948.651258638132
2050,S12000039,2253.9982591529347
2050,S12000040,5993.337191359895
2050,S12000041,2662.8317498583215
2050,S12000042,5066.940740111184
2050,S12000044,9917.953807604348
2050,S12000045,1802.3348615098703
2050,S12000046,28535.247511814618
2050,W06000001,1484.6632205271644
2050,W06000002,3662.748433759809
2050,W06000003,2501.1972971278556
2050,W06000004,2451.394194539961
2050,W06000005,6183.497620920814
2050,W06000006,3839.1458180581494
2050,W06000008,1828.7957033207242
2050,W06000009,2705.0013306037254
2050,W06000010,4095.7158248033697
2050,W06000011,6174.753789883927
2050,W06000012,2912.849664149599
2050,W06000013,3518.6754439516603
2050,W06000014,2751.6904369252557
2050,W06000015,13213.071477732312
2050,W06000016,4899.387071461621
2050,W06000018,3377.7402818616456
2050,W06000019,1284.511837957054
2050,W06000020,2387.075486973211
2050,W06000021,2462.475794634429
2050,W06000022,4811.049657261551
2050,W06000023,3375.6046807718153
2050,W06000024,1339.2222087611501
