,,GEOGRAPHY_CODE,HOUSEHOLD_TYPE,2014,2015,2016,2017,2018,2019,2020,2021,2022,2023,2024,2025,2026,2027,2028,2029,2030,2031,2032,2033,2034,2035,2036,2037,2038,2039
Wales ,Isle of Anglesey ,W06000001,All,30962.800163,31024.998466,31092.993904,31145.343849,31203.244347,31267.297379,31324.302788,31375.848892,31431.565598,31476.940224,31514.457901,31541.297958,31562.139107,31571.448296,31577.426933,31584.545273,31582.680237,31577.810837,31564.322838,31547.296081,31522.166152,31492.729271,31455.915352,31410.430481,31364.313027,31320.104897
,,W06000001,1 person ,10234.355469,10318.863281,10404.145508,10481.480469,10572.092773,10668.917969,10765.907227,10849.823242,10962.850586,11058.102539,11145.619141,11219.951172,11282.457031,11341.709961,11406.611328,11486.240234,11558.509766,11622.462891,11709.555664,11781.083984,11845.443359,11906.140625,11955.478516,11994.482422,12034.110352,12084.859375
,,W06000001,2 person (No children) ,10124.783203,10143.041016,10168.317383,10172.579102,10175.296875,10181.345703,10173.705078,10172.248047,10142.37793,10124.024414,10108.072266,10095.250977,10091.988281,10079.894531,10064.086914,10037.233398,10009.275391,9988.705078,9930.196289,9881.537109,9828.283203,9771.746094,9716.09375,9654.472656,9591.958008,9520.558594
,,W06000001,"2 person (1 adult, 1 child) ",912.2854,909.994629,906.118408,904.808289,901.715149,900.483337,900.501953,901.169006,902.602905,902.795593,902.693054,901.468506,899.719971,897.522461,894.459778,891.752563,888.30188,886.281006,883.782532,882.582642,881.788147,880.504822,880.042358,880.387146,880.214966,879.455811
,,W06000001,3 person (No children) ,2045.866211,2037.16272,2032.189331,2023.735718,2015.048462,2004.809082,1991.114136,1979.136108,1965.715332,1953.857788,1939.872925,1928.74353,1920.570679,1911.640503,1902.698242,1891.27771,1882.073608,1869.243164,1854.878906,1839.721314,1826.349731,1815.653809,1805.296997,1796.910767,1789.019653,1780.87439
,,W06000001,"3 person (2 adults, 1 child) ",1842.815308,1832.981567,1821.217773,1814.115723,1804.994751,1793.963379,1787.057251,1779.026245,1771.667358,1764.458984,1759.425781,1753.814819,1745.342285,1738.990112,1729.967651,1720.652832,1709.925171,1701.504028,1694.507202,1689.467773,1684.269531,1679.087036,1674.155273,1670.34729,1665.608521,1661.197388
,,W06000001,"3 person (1 adult, 2 children) ",445.006348,437.48999,430.239594,423.710449,418.521942,412.841034,409.672974,406.591522,404.434906,401.516022,399.757843,396.787323,393.914673,389.796478,386.004517,381.972198,376.185333,371.057587,366.41272,362.688354,359.030396,355.251984,351.50412,347.859039,344.197662,340.50174
,,W06000001,4 person (No children) ,692.821228,695.875305,700.762024,703.227539,705.212646,705.954956,703.758911,702.735901,700.478333,698.973267,695.766846,693.834778,692.615173,693.045593,694.237549,696.140198,700.975708,702.962463,708.052429,711.589844,715.893005,721.367981,727.052246,733.549133,739.285828,744.100281
,,W06000001,"4 person (2+ adults, 1+ children) ",2667.635498,2653.813477,2636.121826,2626.169189,2614.601563,2603.755859,2597.5625,2589.997314,2586.117432,2578.89624,2570.556396,2560.654541,2547.943359,2534.493164,2519.289063,2504.549561,2487.962402,2470.98584,2456.583008,2442.789063,2429.209961,2415.03833,2402.396729,2391.568115,2382.272217,2373.567627
,,W06000001,"4 person (1 adult, 3 children) ",168.364487,167.294281,166.549362,166.336914,166.424072,166.922287,167.325058,168.22966,168.68045,168.727722,167.830017,166.799988,165.685989,164.117737,162.473953,160.86171,159.141495,157.705292,156.269974,154.864014,153.540024,152.216019,151.053101,150.064728,149.468323,148.854843
,,W06000001,5+ person (No children) ,182.783249,185.89537,189.739655,192.93956,195.832367,198.74144,200.757767,203.014618,205.21666,207.966507,210.216171,213.487915,216.927429,221.755676,226.288345,231.356277,237.264725,242.814575,248.119965,252.395767,256.203125,259.828156,262.95752,266.276001,269.436981,272.830353
,,W06000001,"5+ person (2+ adults, 1+ children) ",1572.570313,1567.609375,1561.481201,1558.680054,1554.727783,1549.489136,1545.718262,1541.462891,1537.788574,1533.042725,1529.354248,1524.530029,1518.499268,1511.650269,1504.275513,1495.34436,1485.784912,1476.677856,1468.458984,1460.845093,1454.076294,1447.466675,1440.980225,1435.020874,1428.522461,1422.351196
,,W06000001,"5+ person (1 adult, 4+ children) ",73.513451,74.977455,76.111839,77.560844,78.775963,80.073196,81.221672,82.414337,83.635132,84.578423,85.293213,85.97438,86.474968,86.83181,87.034081,87.16423,87.279846,87.411057,87.505165,87.731125,88.079376,88.427742,88.904518,89.49231,90.218056,90.9533
,Gwynedd ,W06000002,All,53102.832436,53363.955452,53648.049255,53922.475922,54202.417519,54497.630707,54775.446732,55078.347626,55401.750435,55716.100212,56019.355072,56307.815536,56582.505646,56842.455658,57090.941666,57326.836624,57554.889023,57786.642578,58001.534439,58215.527954,58420.002442,58625.013824,58831.020279,59033.478378,59224.129959,59416.112869
,,W06000002,1 person ,19213.8125,19441.423828,19675.113281,19915.462891,20157.1875,20420.664063,20644.333984,20890.990234,21169.078125,21427.726563,21677.287109,21904.353516,22111.677734,22322.287109,22524.720703,22725.269531,22904.523438,23103.005859,23299.654297,23493.28125,23677.275391,23856.845703,24042.455078,24229.21875,24410.595703,24604.261719
,,W06000002,2 person (No children) ,16083.216797,16149.320313,16243.040039,16311.736328,16377.152344,16431.826172,16495.566406,16562.681641,16606.876953,16655.710938,16697.181641,16743.539063,16790.072266,16809.039063,16821.626953,16816.488281,16823.341797,16814.677734,16777.705078,16738.048828,16692.445313,16652.142578,16605.853516,16553.066406,16489.734375,16415.441406
,,W06000002,"2 person (1 adult, 1 child) ",1386.137085,1379.919556,1371.233154,1363.631958,1359.527832,1355.318604,1354.887817,1356.236694,1364.640869,1371.928711,1376.145264,1376.292847,1377.382568,1379.492188,1382.77832,1385.345337,1388.135376,1390.317993,1398.05127,1407.835571,1419.393189,1431.20752,1443.053101,1455.112305,1467.175537,1478.106934
,,W06000002,3 person (No children) ,3124.766357,3111.509766,3105.583008,3090.841064,3073.427734,3054.580078,3034.787354,3012.011719,2988.717041,2966.492432,2944.299072,2926.459961,2907.025391,2885.662842,2864.848633,2845.173096,2825.30835,2807.210693,2788.689453,2770.446045,2751.86792,2734.177734,2715.316162,2698.223877,2680.268799,2663.280762
,,W06000002,"3 person (2 adults, 1 child) ",2825.761475,2807.696045,2790.625977,2774.017578,2765.53418,2763.471924,2763.304443,2766.694092,2775.710938,2783.450439,2789.80542,2794.289307,2799.550537,2806.96582,2813.997803,2821.564697,2828.881836,2836.010498,2846.847656,2859.560791,2873.865967,2889.205811,2905.607178,2921.927979,2937.758545,2950.97168
,,W06000002,"3 person (1 adult, 2 children) ",865.318787,860.502197,852.243225,847.028992,842.210022,837.18042,833.326355,830.752258,828.211487,827.25,827.110779,825.879211,825.239502,825.664795,826.060974,827.165527,828.398621,829.80011,832.350525,835.278503,837.992432,840.262939,842.066406,843.473206,844.625793,845.260498
,,W06000002,4 person (No children) ,1294.13147,1308.540771,1328.073364,1342.823242,1353.825439,1362.801514,1369.458862,1371.879272,1371.292114,1371.076904,1371.82019,1377.950195,1382.944824,1387.314209,1392.418823,1396.049316,1398.473267,1400.733032,1399.42688,1396.01355,1393.567871,1392.782593,1392.54419,1393.979736,1398.032471,1404.701904
,,W06000002,"4 person (2+ adults, 1+ children) ",4236.005859,4204.535156,4161.923828,4128.685547,4099.151367,4072.7854,4053.800049,4035.959961,4025.358643,4015.367676,4007.079102,3994.82959,3986.199707,3982.078613,3978.174561,3980.552002,3986.744141,3993.66748,4009.124512,4028.389893,4049.40918,4068.142822,4087.84082,4107.240234,4126.136719,4144.288574
,,W06000002,"4 person (1 adult, 3 children) ",334.09671,337.244324,338.764435,341.64447,344.683899,347.546082,351.087402,355.163269,358.558044,363.269226,368.866791,374.140381,379.518036,385.214081,390.840607,396.488892,402.482117,408.329041,414.372009,420.644287,427.098633,433.320343,439.522308,445.703186,451.662476,457.200043
,,W06000002,5+ person (No children) ,677.819641,705.818542,738.540527,769.385925,796.601013,822.019409,845.616028,865.623535,880.077698,895.689209,913.62323,938.651489,964.2948,990.175171,1017.331726,1043.059204,1065.16687,1086.373779,1100.396606,1110.967163,1120.178223,1129.626587,1139.426636,1149.441895,1163.958618,1181.307251
,,W06000002,"5+ person (2+ adults, 1+ children) ",2946.063477,2940.281494,2925.014893,2917.9729,2912.697266,2907.979248,2906.47583,2906.227051,2908.020752,2911.520996,2917.813721,2921.902344,2927.886719,2936.515869,2944.89209,2954.988281,2966.874023,2978.074951,2994.373291,3012.360352,3032.015625,3050.322022,3068.330811,3085.087647,3101.392578,3116.862061
,,W06000002,"5+ person (1 adult, 4+ children) ",115.702278,117.16346,117.893524,119.245026,120.418922,121.457794,122.8022,124.127899,125.207771,126.617119,128.322754,129.527634,130.713562,132.045898,133.250473,134.692459,136.559189,138.441406,140.542862,142.701721,144.8927,146.977173,149.004074,151.003159,152.788345,154.430038
,Conwy ,W06000003,All,51951.475342,52094.441452,52257.995934,52411.110817,52569.679565,52742.576309,52900.225266,53050.111595,53215.901299,53364.867378,53507.864624,53646.159317,53766.275169,53867.953995,53961.373909,54050.945724,54121.363861,54196.300392,54243.932656,54281.821702,54314.405419,54330.891258,54342.522392,54342.785332,54320.709007,54285.451622
,,W06000003,1 person ,17754.828125,17861.074219,17972.492188,18087.517578,18206.466797,18332.568359,18449.449219,18556.777344,18705.425781,18830.458984,18947.011719,19060.078125,19150.804688,19240.025391,19339.361328,19441.515625,19525.820313,19618.396484,19729.373047,19832.664063,19928.695313,20000.396484,20065.78125,20115.320313,20158.740234,20197.238281
,,W06000003,2 person (No children) ,17470.232422,17534.824219,17616.537109,17675.808594,17739.808594,17818.232422,17874.990234,17929.111328,17958.158203,17998.130859,18045.294922,18094.517578,18147.630859,18180.140625,18195.871094,18212.767578,18226.058594,18246.294922,18216.210938,18170.28125,18125.806641,18088.423828,18054.146484,18021.082031,17966.421875,17904.974609
,,W06000003,"2 person (1 adult, 1 child) ",1556.679077,1565.671509,1574.170898,1584.655884,1595.376099,1605.68689,1621.046387,1636.693115,1654.482788,1669.341431,1684.483521,1697.074341,1709.902344,1721.895996,1733.155151,1741.692383,1748.729004,1753.95874,1761.134644,1772.914185,1784.366821,1795.773071,1807.813477,1819.663086,1830.272217,1840.588501
,,W06000003,3 person (No children) ,3107.45874,3123.011719,3141.406494,3151.884521,3156.622314,3159.259521,3160.776611,3160.481689,3155.840088,3149.144287,3139.223389,3132.578857,3128.327148,3124.722656,3116.881104,3108.706787,3103.01001,3096.385742,3087.806641,3080.007813,3075.209961,3075.055664,3073.730713,3075.653565,3080.706787,3084.872803
,,W06000003,"3 person (2 adults, 1 child) ",2878.39917,2846.199951,2816.00293,2786.824951,2757.650146,2729.101563,2705.4646,2682.73584,2661.483154,2638.135498,2615.05542,2590.305908,2564.710938,2540.41333,2517.85376,2495.402832,2474.007324,2452.021484,2432.219971,2417.358643,2402.452393,2387.410156,2373.439697,2360.082275,2346.302002,2331.161133
,,W06000003,"3 person (1 adult, 2 children) ",888.455505,888.989563,888.673157,891.997742,897.314026,901.779114,907.359863,914.47113,920.690125,925.024475,928.850403,930.215393,930.919434,931.507629,932.176514,932.362488,933.028381,933.460754,934.665588,937.338318,939.695984,941.392273,942.884949,944.004822,944.701477,944.942688
,,W06000003,4 person (No children) ,994.037415,1003.896301,1014.649597,1021.730896,1025.338379,1026.913818,1027.005005,1025.531738,1024.151123,1023.148621,1020.681213,1020.940735,1022.246826,1024.980713,1028.837891,1033.589478,1039.244019,1044.160034,1048.540772,1052.671875,1056.636597,1062.052612,1067.649414,1074.265137,1083.09021,1091.985596
,,W06000003,"4 person (2+ adults, 1+ children) ",4222.412109,4203.34668,4180.700195,4166.757324,4155.808105,4144.536621,4138.962402,4136.746582,4135.378418,4135.840332,4136.686523,4135.36084,4131.727539,4129.774902,4129.20459,4124.736816,4119.834961,4111.876465,4105.22168,4100.473145,4095.236084,4086.609375,4076.008789,4064.787842,4053.736572,4042.323975
,,W06000003,"4 person (1 adult, 3 children) ",311.300812,310.478516,309.312347,309.047638,309.237854,308.880371,309.268188,310.186096,311.351715,312.033264,312.7229,312.816772,313.087799,313.224213,313.171021,312.605804,311.789917,310.469849,309.402924,309.0849,308.778503,308.263886,307.771393,307.131744,306.312775,305.531158
,,W06000003,5+ person (No children) ,225.689774,229.902054,234.690918,238.222427,240.488602,242.555634,244.192001,244.971725,245.772964,247.154938,248.174683,250.251938,252.59346,254.987167,257.731689,260.894867,264.358154,267.920898,271.297333,274.500488,277.581818,280.641296,283.819031,287.149872,290.37207,293.372253
,,W06000003,"5+ person (2+ adults, 1+ children) ",2426.167236,2411.095703,2393.512695,2380.481934,2368.783447,2355.710938,2343.763916,2333.76709,2323.930176,2316.903809,2309.871338,2302.200928,2294.672852,2286.886963,2277.886963,2267.63623,2256.51416,2242.377686,2228.982178,2215.231934,2200.388184,2185.106934,2169.568359,2153.559326,2139.910156,2128.35376
,,W06000003,"5+ person (1 adult, 4+ children) ",115.814957,115.951019,115.847404,116.181328,116.785202,117.351059,117.946838,118.637917,119.236763,119.55088,119.808594,119.817902,119.651283,119.394409,119.242805,119.034836,118.969025,118.977333,119.076942,119.29509,119.557121,119.765678,119.908836,120.08532,120.142632,120.106865
,Denbighshire ,W06000004,All,41201.029045,41310.433266,41426.551781,41549.789642,41671.118362,41803.979393,41923.230911,42041.54496,42174.870056,42296.557083,42413.599564,42511.664642,42599.941818,42682.375259,42744.683243,42807.304214,42861.577148,42899.538467,42934.614625,42956.369293,42967.494034,42967.262665,42961.075866,42942.681076,42918.875229,42895.880051
,,W06000004,1 person ,12930.695313,12961.189453,13005.735352,13045.491211,13089.294922,13151.256836,13196.729492,13251.513672,13339.4375,13417.224609,13478.773438,13526.701172,13575.081055,13611.604492,13651.845703,13707.583008,13754.59082,13792.711914,13860.706055,13918.338867,13955.716797,13978.267578,13997.814453,14004.802734,14007.132813,14010.806641
,,W06000004,2 person (No children) ,13707.505859,13794.688477,13871.824219,13963.491211,14046.330078,14124.758789,14197.841797,14255.003906,14305.116211,14346.917969,14406.600586,14456.771484,14497.448242,14550.197266,14571.819336,14587.517578,14605.691406,14610.222656,14581.411133,14543.857422,14517.826172,14495.665039,14467.802734,14435.291016,14399.142578,14363.447266
,,W06000004,"2 person (1 adult, 1 child) ",1407.235596,1418.514771,1429.709839,1440.073242,1450.157349,1462.935059,1475.622681,1491.567261,1506.169678,1521.834839,1536.305786,1549.711914,1562.701538,1573.896118,1586.367798,1596.508301,1604.782349,1615.059204,1626.622437,1638.64856,1649.734619,1660.113037,1670.434937,1680.991943,1691.41919,1701.64502
,,W06000004,3 person (No children) ,2537.86792,2542.766113,2542.111572,2545.248535,2543.976318,2536.899414,2531.049805,2522.759521,2509.715332,2497.144531,2489.36499,2485.811279,2481.928711,2482.226074,2478.907959,2475.895264,2477.192139,2475.95166,2472.695557,2471.617432,2470.655762,2470.907227,2471.003662,2470.797607,2469.966065,2469.696533
,,W06000004,"3 person (2 adults, 1 child) ",2490.104004,2472.300537,2452.801025,2436.855225,2421.091797,2404.928955,2390.849121,2379.718994,2366.2146,2355.488525,2343.851318,2330.514648,2318.469971,2305.4729,2294.020752,2281.182861,2267.326416,2256.11792,2245.582031,2236.478272,2227.645996,2218.752686,2211.408691,2205.361084,2200.482666,2194.220947
,,W06000004,"3 person (1 adult, 2 children) ",744.007813,741.817688,743.206543,742.246094,743.216064,745.834534,748.088562,750.803528,752.048645,753.96991,754.300537,754.398254,753.936218,751.191406,750.45343,748.02179,744.334229,741.994568,739.964661,737.911865,735.673035,733.305176,730.700195,727.928467,725.185852,722.475403
,,W06000004,4 person (No children) ,886.301392,896.12854,901.674927,908.28894,912.889221,913.249084,915.799622,917.38147,917.484436,917.328552,918.629456,922.246399,927.002136,932.969421,937.967163,944.454651,953.994629,961.559753,969.041748,976.632324,983.879944,991.414368,998.781372,1006.484131,1015.456421,1024.809692
,,W06000004,"4 person (2+ adults, 1+ children) ",3734.458252,3719.070068,3708.736084,3694.640137,3687.204346,3681.08374,3678.331543,3677.855713,3675.866211,3676.948975,3673.54248,3671.005615,3668.127686,3661.612061,3660.687012,3655.572021,3646.280029,3640.270264,3634.302002,3628.705322,3622.263428,3613.949463,3605.811523,3599.472656,3593.552002,3586.900635
,,W06000004,"4 person (1 adult, 3 children) ",272.839905,276.217651,280.433014,283.641418,286.349731,289.985199,293.029144,296.185425,300.677063,304.510437,307.665009,310.475037,312.638885,314.201355,315.545532,316.532532,316.785767,317.833771,318.905457,320.094574,321.348663,322.629608,324.085632,325.489105,326.981201,328.534973
,,W06000004,5+ person (No children) ,173.172852,173.510727,173.053482,172.614685,171.950104,170.445602,169.371399,168.270554,167.029694,165.906418,165.035751,164.867676,165.422638,166.334183,167.325928,168.769226,170.81897,172.164352,173.874558,175.631882,177.181259,178.817017,180.498611,182.349457,184.110016,185.890182
,,W06000004,"5+ person (2+ adults, 1+ children) ",2212.274414,2206.952148,2206.464355,2203.229492,2201.693604,2202.071533,2202.71582,2203.648438,2205.14624,2206.293945,2204.036377,2201.258057,2197.293213,2191.075195,2186.310059,2180.276611,2173.391113,2167.808838,2162.3125,2157.827393,2153.458008,2149.684815,2147.171631,2146.200684,2145.838867,2145.703857
,,W06000004,"5+ person (1 adult, 4+ children) ",104.565727,107.277092,110.801369,113.969452,116.964828,120.530647,123.801926,126.836479,129.964447,132.988373,135.493835,137.903107,139.891525,141.594788,143.432571,144.990372,146.389282,147.843567,149.196487,150.625381,152.110352,153.756653,155.562424,157.512192,159.607559,161.748901
,Flintshire ,W06000005,All,64896.863525,65206.992096,65522.366135,65829.998581,66128.155258,66435.399063,66736.022278,67017.731735,67314.42807,67588.475006,67851.628571,68090.688156,68316.336639,68516.78717,68685.967865,68837.830994,68964.410065,69055.126129,69150.506592,69207.07907,69243.820588,69271.37497,69279.178742,69264.16774,69235.020034,69189.096222
,,W06000005,1 person ,18108.46875,18298.509766,18490.017578,18685.099609,18874.492188,19078.433594,19283.953125,19474.982422,19725.460938,19953.300781,20152.855469,20338.019531,20520.806641,20682.433594,20838.257813,20995.082031,21127.777344,21232.855469,21411.757813,21538.158203,21645.199219,21734.632813,21813.525391,21860.396484,21904.035156,21941.740234
,,W06000005,2 person (No children) ,21481.154297,21642.748047,21815.041016,21967.947266,22116.203125,22270.578125,22413.244141,22540.373047,22629.132813,22713.8125,22835.837891,22947.25,23053.388672,23159.505859,23228.160156,23285.185547,23340.080078,23377.544922,23342.654297,23310.490234,23271.730469,23248.166016,23209.060547,23178.121094,23131.863281,23070.496094
,,W06000005,"2 person (1 adult, 1 child) ",2248.973877,2286.060547,2321.925537,2360.363525,2397.591553,2436.124756,2474.859863,2516.413086,2558.753174,2602.140381,2642.694824,2683.27124,2721.916748,2757.338135,2795.895508,2830.242188,2863.064209,2898.409668,2935.992188,2973.781494,3012.720215,3049.298584,3084.753174,3118.31665,3150.352295,3181.235107
,,W06000005,3 person (No children) ,4621.131836,4622.047852,4614.625488,4602.591797,4586.546875,4563.043457,4538.411621,4509.377441,4468.734375,4433.33252,4393.912598,4352.443359,4316.806152,4283.310059,4243.328613,4201.97998,4165.814941,4126.058594,4084.11792,4047.666748,4012.571289,3983.335205,3958.258789,3937.377686,3918.466797,3902.330811
,,W06000005,"3 person (2 adults, 1 child) ",4522.870605,4505.302246,4489.678223,4482.114258,4475.77002,4466.849121,4459.356934,4458.821777,4455.26123,4448.722168,4437.397461,4422.437988,4399.800293,4376.195313,4356.444824,4338.833008,4320.440918,4306.510254,4293.706543,4283.880371,4275.580566,4265.750488,4259.556152,4255.306641,4256.382324,4255.525879
,,W06000005,"3 person (1 adult, 2 children) ",1265.005859,1266.184692,1268.830078,1271.765747,1275.126831,1280.014526,1283.964478,1288.201904,1293.84021,1296.426636,1297.223999,1299.861206,1298.639526,1296.669678,1297.876343,1297.068604,1296.06958,1297.045044,1298.641724,1301.069702,1303.680786,1305.203491,1307.046265,1307.863159,1308.182251,1307.797241
,,W06000005,4 person (No children) ,1550.050293,1548.815186,1544.457275,1538.15564,1532.00061,1521.597046,1511.643555,1500.177612,1484.3573,1472.505371,1460.715332,1448.559326,1441.086304,1434.835327,1426.468384,1418.011963,1411.303223,1402.52832,1395.390137,1390.774902,1387.010498,1385.915894,1386.818115,1388.605225,1389.908691,1390.671265
,,W06000005,"4 person (2+ adults, 1+ children) ",6780.333008,6736.63623,6693.836426,6655.242676,6619.300293,6582.993652,6551.250977,6525.992676,6507.890137,6490.203613,6468.302246,6450.163574,6430.471191,6408.62793,6393.879395,6378.380371,6359.250488,6343.822266,6327.34375,6308.53418,6291.053223,6264.781738,6234.452637,6201.726563,6168.169922,6138.580078
,,W06000005,"4 person (1 adult, 3 children) ",397.069611,397.906158,399.361115,400.580414,401.808289,403.797455,405.449829,406.729034,408.858521,409.737915,409.852356,410.235626,409.444,408.216003,408.009247,407.258636,406.797241,407.003418,407.448242,408.172638,408.679352,409.093475,409.184021,409.058899,408.860687,408.503143
,,W06000005,5+ person (No children) ,330.151001,335.344788,339.612579,343.616547,347.664337,350.90152,354.191528,357.49234,360.348083,364.136047,367.427124,370.229248,373.713104,377.798584,381.375641,385.727997,390.137878,394.444275,399.056671,403.582642,407.579254,411.755157,416.463562,421.486053,427.144989,433.458832
,,W06000005,"5+ person (2+ adults, 1+ children) ",3418.722168,3391.8396,3366.278564,3340.924316,3317.689941,3293.957275,3269.860596,3246.615479,3226.273682,3205.983398,3184.90332,3165.227783,3145.393555,3125.415283,3107.794189,3089.922607,3071.731445,3055.003906,3038.391113,3022.781982,3007.781982,2991.185791,2975.895264,2960.019531,2944.053467,2929.538086
,,W06000005,"5+ person (1 adult, 4+ children) ",172.93222,175.596985,178.702255,181.596786,183.961197,187.108536,189.835632,192.554916,195.517609,198.173676,200.505951,202.989273,204.870453,206.441406,208.477753,210.138062,211.942719,213.899994,216.006195,218.185974,220.233734,222.256317,224.164825,225.889755,227.600174,229.219452
,Wrexham ,W06000006,All,58329.281082,58720.381943,59124.074509,59529.666183,59932.726715,60340.76181,60735.625107,61131.658295,61540.267517,61942.806702,62341.660889,62729.773544,63117.336868,63489.792175,63856.684738,64218.172546,64556.665771,64888.255463,65207.055878,65504.219879,65792.981872,66074.679382,66345.493103,66602.140351,66850.597229,67096.175995
,,W06000006,1 person ,17524.304688,17719.080078,17929.476563,18143.527344,18360.541016,18581.029297,18794.398438,19004.361328,19250.9375,19494.544922,19726.421875,19949.074219,20176.199219,20397.240234,20639.296875,20881.625,21095.328125,21304.775391,21548.087891,21765.521484,21960.005859,22139.498047,22306.814453,22461.917969,22623.419922,22781.908203
,,W06000006,2 person (No children) ,18045.085938,18159.955078,18279.232422,18398.347656,18514.226563,18631.648438,18733.699219,18845.480469,18935.330078,19019.896484,19121.759766,19217.791016,19315.898438,19401.621094,19461.681641,19521.787109,19581.720703,19641.474609,19647.603516,19646.914063,19665.955078,19694.470703,19725.402344,19749.105469,19754.029297,19758.671875
,,W06000006,"2 person (1 adult, 1 child) ",2289.753662,2332.365967,2374.004639,2416.85498,2458.25708,2501.147461,2544.805908,2584.96875,2626.732422,2670.929932,2715.360352,2762.447021,2809.734619,2859.044434,2905.162354,2948.737793,2994.550781,3037.71582,3081.008301,3125.661133,3166.58667,3205.949707,3243.736572,3280.576416,3317.528076,3358.166016
,,W06000006,3 person (No children) ,3970.679688,3976.549072,3983.881104,3991.922119,3989.661377,3992.53833,3990.234131,3988.018311,3983.263672,3975.381836,3970.774414,3967.685547,3963.047119,3958.567627,3952.575439,3950.195557,3952.476563,3953.751221,3949.89624,3945.311523,3942.173584,3941.032959,3936.580078,3934.212891,3933.602295,3928.469482
,,W06000006,"3 person (2 adults, 1 child) ",4465.237793,4490.734863,4512.665527,4534.686035,4560.243164,4586.261719,4615.077148,4648.266113,4681.024902,4713.468262,4741.563965,4769.491699,4794.870117,4821.359863,4847.227051,4871.076172,4893.401367,4916.151855,4942.056641,4972.542481,5001.130859,5030.641113,5062.224121,5095.343262,5127.910156,5160.797852
,,W06000006,"3 person (1 adult, 2 children) ",1115.557617,1131.560181,1147.345337,1162.138428,1178.387817,1193.223022,1210.047485,1226.327515,1242.625854,1258.676392,1271.925171,1283.901123,1294.932861,1305.726929,1315.502563,1323.734741,1330.64917,1338.303711,1347.306519,1358.315064,1369.488281,1380.306641,1391.444458,1402.273438,1413.45459,1425.372192
,,W06000006,4 person (No children) ,1285.324463,1282.613037,1282.126343,1282.554443,1278.261719,1276.692627,1272.775757,1267.675049,1264.400146,1260.672729,1260.812622,1263.13855,1266.603027,1270.671021,1274.541504,1278.568359,1284.70105,1288.37793,1291.985718,1294.559815,1298.056641,1302.904907,1307.144409,1311.633179,1315.884155,1317.491821
,,W06000006,"4 person (2+ adults, 1+ children) ",5981.367676,5981.300781,5977.494141,5969.550293,5968.022949,5962.033691,5965.613281,5965.409668,5964.219727,5967.41748,5962.781738,5958.356445,5951.341309,5944.387207,5939.967773,5930.95459,5919.28125,5908.712402,5902.845215,5899.826172,5894.138672,5884.677246,5876.110352,5868.663086,5863.050293,5861.260254
,,W06000006,"4 person (1 adult, 3 children) ",442.361664,455.340851,467.489288,479.503876,492.476349,503.60788,514.838562,526.060608,536.384827,546.218811,554.842773,562.683838,570.327393,576.742004,583.622803,590.862915,598.280457,606.135498,614.492676,623.865784,633.562439,643.517761,654.275452,665.276489,676.44519,687.436035
,,W06000006,5+ person (No children) ,285.427002,286.123779,287.5914,289.645447,290.675049,292.47467,293.767181,294.298706,295.893341,297.746124,300.751526,304.547516,308.841888,313.618408,318.631195,323.718842,329.237427,333.991241,339.412292,343.432007,347.562988,351.257172,354.30127,357.007172,360.126587,362.529907
,,W06000006,"5+ person (2+ adults, 1+ children) ",2746.490234,2720.776367,2693.046387,2665.323975,2639.944824,2612.288574,2586.764893,2561.330322,2534.647217,2507.960693,2480.288574,2452.228271,2423.184082,2395.19873,2369.411377,2344.181152,2320.627441,2298.400879,2277.629883,2258.782715,2239.849609,2220.880127,2202.597412,2185.841309,2169.338867,2152.728271
,,W06000006,"5+ person (1 adult, 4+ children) ",177.690659,183.981888,189.721359,195.611588,202.028809,207.816101,213.603104,219.461456,224.807831,229.893036,234.378113,238.428299,242.356796,245.614624,249.064163,252.730316,256.411438,260.464905,264.730988,269.48764,274.471191,279.542999,284.862183,290.289673,295.8078,301.344086
,Powys ,W06000023,All,58966.488495,59117.734055,59255.349846,59388.667381,59531.575386,59666.030411,59770.108238,59856.885818,59948.936996,60002.888199,60047.264526,60053.665146,60034.256355,59988.619125,59904.856514,59802.439034,59673.170113,59516.315323,59335.053619,59127.780785,58907.780503,58668.046691,58423.469658,58159.452195,57883.779663,57593.18454
,,W06000023,1 person ,18949.857422,19113.349609,19265.433594,19425.787109,19614.496094,19796.673828,19945.347656,20084.796875,20255.572266,20390.298828,20517.888672,20609.710938,20685.828125,20745.291016,20811.652344,20873.082031,20902.296875,20906.289063,20940.115234,20956.033203,20967.107422,20960.236328,20953,20930.949219,20917.466797,20898.023438
,,W06000023,2 person (No children) ,20805.527344,20946.964844,21079.322266,21199.230469,21305.804688,21409.501953,21504.070313,21584.191406,21641.763672,21686.078125,21736.933594,21781.591797,21815.527344,21845.070313,21817.648438,21781.289063,21750.214844,21716.853516,21625.482422,21515.259766,21406.453125,21296.021484,21188.603516,21077.294922,20945.158203,20805.412109
,,W06000023,"2 person (1 adult, 1 child) ",1942.246826,1966.428467,1991.66394,2016.695435,2040.073364,2065.794678,2093.267822,2122.32251,2151.434326,2181.240234,2209.113525,2236.393799,2260.810303,2282.049805,2304.856445,2327.995117,2348.675293,2368.932129,2388.323975,2409.203369,2427.449951,2444.650391,2459.284912,2472.093994,2484.347656,2495.3479
,,W06000023,3 person (No children) ,3632.77417,3627.197266,3614.072266,3597.409424,3575.466553,3543.965088,3510.807373,3474.496094,3431.375977,3386.025146,3341.263428,3294.383057,3248.448975,3206.287354,3158.764404,3111.129883,3064.925049,3019.739258,2976.892334,2937.340088,2894.739502,2855.517578,2815.852783,2779.64624,2745.751953,2713.177979
,,W06000023,"3 person (2 adults, 1 child) ",3154.075195,3116.554688,3079.376221,3041.671631,3004.491211,2969.726563,2937.251709,2906.369385,2874.280518,2846.192383,2816.419678,2785.614258,2753.907959,2720.916992,2690.21875,2659.150635,2628.587646,2598.856201,2570.485107,2545.91333,2520.053711,2495.150635,2470.701172,2446.50415,2422.77417,2397.999023
,,W06000023,"3 person (1 adult, 2 children) ",816.341309,804.571045,796.269958,789.027771,781.482483,776.239319,771.392639,766.356506,761.952148,757.299255,751.172546,746.021912,740.286133,733.399109,728.119202,722.754456,717.689026,713.0896,708.62677,704.75824,700.442444,695.858154,690.819336,685.207947,679.083679,672.536682
,,W06000023,4 person (No children) ,974.548035,970.742493,962.80365,954.265137,945.729187,931.973694,916.797668,900.778076,882.36908,863.399353,845.636353,827.666382,811.618652,797.766663,783.861145,769.305786,757.020569,743.744202,731.61969,720.448425,709.297913,699.956116,691.65625,684.762939,678.865051,673.524353
,,W06000023,"4 person (2+ adults, 1+ children) ",5060.813965,4982.484863,4912.27002,4843.436035,4777.487793,4718.727051,4666.500488,4620.172363,4579.427246,4546.401855,4507.980957,4473.361328,4439.042969,4400.675781,4370.159668,4337.174316,4302.246582,4269.123535,4235.057129,4201.98584,4167.399414,4129.439941,4087.188232,4042.782227,3997.499512,3951.170166
,,W06000023,"4 person (1 adult, 3 children) ",269.947571,266.454865,264.628998,263.431183,262.294922,262.103699,261.867432,261.615051,261.708466,261.495605,260.629974,260.363831,259.762512,258.713196,258.290863,257.779388,257.363983,256.91864,256.187592,255.45488,254.571533,253.446335,252.028229,250.329254,248.386902,246.204178
,,W06000023,5+ person (No children) ,363.953186,380.002045,393.640503,406.56427,418.809753,428.230591,436.933655,445.247894,450.980103,455.984833,461.711334,466.958771,472.541199,479.429749,486.152252,492.294373,499.351257,505.272064,512.158508,518.718994,524.986328,531.256958,537.661011,544.213135,550.41626,556.83728
,,W06000023,"5+ person (2+ adults, 1+ children) ",2899.239746,2844.801025,2796.290039,2750.012939,2702.946777,2658.908691,2619.846924,2582.745361,2548.345459,2516.886475,2485.202637,2456.581787,2429.972412,2401.397705,2376.315674,2350.541504,2323.921387,2295.813965,2267.717041,2239.545898,2211.495606,2182.136963,2151.768066,2120.33667,2088.324707,2056.943359
,,W06000023,"5+ person (1 adult, 4+ children) ",97.163727,98.182846,99.578392,101.135979,102.492561,104.185257,106.024559,107.794296,109.727737,111.586105,113.311829,115.017288,116.509773,117.621445,118.817329,119.942482,120.877602,121.683151,122.387817,123.118752,123.783554,124.375809,124.906151,125.331497,125.704773,126.008072
,Ceredigion ,W06000008,All,31638.161922,31799.631062,31976.929615,32151.136383,32322.268047,32503.550709,32675.109554,32854.835915,33046.349396,33229.448975,33402.551893,33564.428534,33714.000025,33846.81381,33971.728231,34091.642014,34211.812525,34326.354408,34434.575693,34537.899113,34635.600444,34733.750782,34834.732549,34935.002693,35026.862209,35115.153086
,,W06000008,1 person ,10693.061523,10816.441406,10944.019531,11069.536133,11189.032227,11323.901367,11450.429688,11576.054688,11727.067383,11853.958984,11966.117188,12074.441406,12159.481445,12230.314453,12303.073242,12378.34668,12457.275391,12533.436523,12624.524414,12710.65918,12789.057617,12867.414063,12950.699219,13032.301758,13113.30957,13189.262695
,,W06000008,2 person (No children) ,10451.576172,10477.521484,10521.794922,10558.566406,10598.488281,10627.983398,10649.59375,10675.125977,10683.94043,10708.291992,10731.764648,10741.628906,10756.974609,10760.933594,10750.261719,10728.734375,10701.963867,10667.553711,10605.046875,10534.379883,10464.130859,10395.582031,10326.186523,10255.005859,10170.712891,10088.830078
,,W06000008,"2 person (1 adult, 1 child) ",775.667419,781.453613,786.583923,793.548096,799.911316,808.379272,818.138672,830.987549,843.531067,856.779724,870.100891,882.823914,896.163208,910.129822,925.535889,941.139404,956.736328,975.041138,995.06665,1017.47229,1040.372803,1062.753784,1084.987915,1107.405273,1129.498291,1150.439575
,,W06000008,3 person (No children) ,2234.876221,2259.633545,2285.833008,2308.101807,2329.679443,2349.155518,2365.280762,2377.214844,2389.087158,2398.644287,2406.664063,2415.342041,2422.929443,2431.4646,2435.189697,2440.00415,2447.168701,2448.951904,2449.278076,2448.595947,2448.031494,2448.834229,2449.890625,2453.453125,2460.077637,2468.529785
,,W06000008,"3 person (2 adults, 1 child) ",1589.073608,1575.560425,1560.106567,1550.830566,1539.172729,1532.869507,1530.035156,1533.06897,1537.245972,1541.684937,1546.789185,1551.706909,1558.026733,1566.967285,1577.323242,1588.482056,1598.786133,1611.092896,1624.964233,1641.671021,1658.873901,1675.723633,1692.386719,1709.301758,1726.415039,1741.755859
,,W06000008,"3 person (1 adult, 2 children) ",376.863007,373.34964,369.871216,366.340088,362.863983,359.559113,356.298431,354.310638,352.439178,350.685944,349.760834,349.146362,348.807465,349.182983,350.611816,352.026886,353.001099,355.332733,358.668579,362.802277,366.846649,370.526215,373.908936,376.950714,379.80191,382.506378
,,W06000008,4 person (No children) ,792.606384,816.574951,840.88147,864.359802,887.747986,908.969971,927.794189,941.333008,954.64502,966.170959,976.267395,987.675232,998.478699,1008.805542,1016.064392,1024.623047,1034.339233,1042.30603,1049.130493,1055.007446,1060.274292,1066.135986,1071.468018,1077.472168,1085.067261,1093.821045
,,W06000008,"4 person (2+ adults, 1+ children) ",2404.689453,2379.997314,2354.710938,2333.565674,2313.985352,2296.450928,2284.789307,2279.082764,2274.326172,2270.509033,2270.683105,2272.110596,2275.84375,2281.693848,2294.216064,2307.162598,2320.515625,2339.225098,2362.17041,2388.465332,2416.037842,2442.1521,2468.411621,2494.249268,2520.013916,2544.248047
,,W06000008,"4 person (1 adult, 3 children) ",140.415192,140.322937,140.379501,140.061844,140.021759,140.197678,140.143753,140.484253,141.192612,142.146759,143.477997,144.945496,146.568481,148.144196,150.291183,152.376709,154.570541,156.945557,159.566956,162.247864,164.876129,167.38205,169.818542,172.201569,174.510925,176.749344
,,W06000008,5+ person (No children) ,591.449951,599.499451,603.001343,604.603638,607.054626,607.867981,608.822876,603.974915,599.424988,595.671265,591.288513,588.90155,587.210876,586.296509,583.422729,581.035828,579.319275,575.524048,570.562134,564.672424,558.862305,553.264709,547.68512,542.75769,539.041504,536.324402
,,W06000008,"5+ person (2+ adults, 1+ children) ",1548.666748,1541.214233,1532.820801,1525.606445,1519.161987,1513.898804,1510.238281,1510.24292,1511.071533,1513.078491,1518.325317,1524.879272,1533.239258,1543.115479,1556.391968,1568.729248,1579.53833,1592.593628,1607.418091,1623.857788,1640.291138,1656.171875,1671.637207,1686.426514,1701.150757,1715.662109
,,W06000008,"5+ person (1 adult, 4+ children) ",39.216244,38.062061,36.926395,36.015884,35.148357,34.317173,33.544689,32.955391,32.377884,31.826599,31.312757,30.826849,30.276056,29.765501,29.346289,28.981033,28.598001,28.351143,28.178782,28.067661,27.945415,27.810108,27.652105,27.476997,27.262508,27.023767
,Pembrokeshire ,W06000009,All,54216.366867,54433.592896,54652.183945,54871.441513,55087.691864,55296.571243,55494.593689,55679.23851,55889.723862,56074.670715,56233.452209,56373.679459,56483.275162,56577.242737,56643.921356,56691.650986,56724.042221,56736.649857,56727.628204,56707.635193,56674.940582,56627.255829,56575.452133,56519.63321,56454.293366,56379.771255
,,W06000009,1 person ,17147.236328,17351.273438,17558.689453,17769.935547,17993.033203,18206.921875,18419.111328,18630.421875,18881.431641,19110.855469,19303.277344,19485.384766,19636.619141,19773.875,19899.191406,20013.183594,20115.853516,20209.720703,20309.287109,20404.335938,20480.53125,20553.871094,20630.835938,20712.65625,20802.914063,20880.660156
,,W06000009,2 person (No children) ,18249.818359,18344.935547,18438.669922,18528.880859,18597.056641,18659.78125,18707.943359,18730.839844,18751.998047,18770.337891,18802.201172,18824.332031,18845.939453,18880.425781,18889.679688,18891.119141,18887.587891,18867.75,18819.457031,18758.363281,18705.894531,18638.943359,18564.193359,18484.806641,18386.585938,18294.527344
,,W06000009,"2 person (1 adult, 1 child) ",2276.228027,2297.547852,2317.624512,2337.847412,2367.146484,2396.996338,2426.275879,2459.013672,2491.393799,2520.689453,2544.274414,2568.166504,2592.253906,2608.336182,2627.86792,2648.410889,2670.179932,2693.290771,2716.315674,2742.008545,2766.887695,2791.442627,2815.31665,2837.323242,2857.055908,2874.375
,,W06000009,3 person (No children) ,3340.911133,3340.00415,3336.727783,3330.946533,3317.006592,3298.922607,3279.285156,3248.513916,3215.80542,3182.61499,3154.495361,3125.408936,3092.379639,3064.233643,3032.396484,3004.596924,2978.866943,2953.370361,2926.815186,2901.924561,2875.993408,2854.384522,2834.227783,2815.702393,2798.672119,2783.178711
,,W06000009,"3 person (2 adults, 1 child) ",2954.168213,2911.231689,2865.438477,2822.326904,2780.595947,2745.295898,2712.335693,2687.726318,2659.842041,2630.284424,2602.262695,2571.475098,2542.043457,2508.767822,2479.11084,2447.257568,2415.980469,2386.088623,2357.053955,2330.817627,2304.82959,2279.838867,2255.938721,2232.059326,2209.023193,2184.369385
,,W06000009,"3 person (1 adult, 2 children) ",935.367493,921.175476,908.815491,896.736389,885.726746,876.566345,867.246094,861.147217,853.695251,846.094482,836.487,827.798279,819.34259,808.204529,799.671875,791.336914,782.816467,774.823792,768.351074,762.268127,755.904053,748.928711,741.630127,733.959412,725.799805,717.284485
,,W06000009,4 person (No children) ,1099.003784,1116.151611,1130.433716,1143.508911,1152.880127,1159.31311,1165.837402,1167.485596,1168.244019,1169.381958,1173.818848,1177.515503,1180.10144,1185.738647,1189.732788,1193.913208,1200.328613,1207.018311,1212.469238,1218.905151,1224.936401,1232.793945,1241.22937,1250.35376,1259.427246,1268.665649
,,W06000009,"4 person (2+ adults, 1+ children) ",4618.225586,4567.244141,4519.302734,4472.57959,4432.589355,4397.772461,4366.549316,4347.806152,4326.48877,4306.20166,4281.566406,4259.729492,4241.588867,4218.503906,4199.644043,4179.99707,4157.72168,4137.778809,4118.718262,4098.623535,4078.055908,4053.812744,4027.632324,3997.859619,3968.865723,3938.973633
,,W06000009,"4 person (1 adult, 3 children) ",361.44458,359.142151,357.823029,356.547028,356.100739,355.889496,355.663513,355.988007,355.855469,355.923065,354.924896,354.42218,353.833405,352.141113,351.08139,350.182495,349.006836,347.817841,346.915039,346.097595,345.335815,344.315857,343.091034,341.587341,339.935822,338.070251
,,W06000009,5+ person (No children) ,229.45224,234.16983,238.102982,241.495132,244.168762,245.966156,248.12384,248.606155,249.265274,250.13736,251.615646,253.500717,254.815582,257.904144,260.278656,262.859497,265.584503,268.116547,269.715332,270.948364,272.42276,274.126678,275.935669,278.327759,281.460815,284.869202
,,W06000009,"5+ person (2+ adults, 1+ children) ",2864.160156,2850.511475,2840.138916,2829.84668,2820.13623,2811.326416,2804.039551,2798.878906,2792.327881,2788.24292,2784.490234,2781.788818,2780.217773,2775.524658,2772.060791,2765.727539,2757.297607,2748.298828,2740.1521,2731.049316,2722.000488,2712.780762,2703.563721,2693.22168,2682.904053,2673.360352
,,W06000009,"5+ person (1 adult, 4+ children) ",140.350967,140.205536,140.416931,140.790527,141.251038,141.81929,142.182556,142.810852,143.376251,143.907043,144.038193,144.157135,144.139908,143.587311,143.205475,143.066147,142.817764,142.575272,142.378204,142.293152,142.148682,142.016663,141.857437,141.775787,141.648682,141.437088
,Carmarthenshire ,W06000010,All,79862.120789,80135.077133,80415.66185,80712.949203,81011.459259,81305.94754,81592.612045,81875.933472,82184.680145,82473.91304,82742.797409,82989.173782,83214.5065,83425.970001,83610.313553,83773.382828,83921.994583,84053.619461,84165.158493,84265.384782,84340.435241,84401.331177,84456.727494,84500.417695,84522.914246,84526.406708
,,W06000010,1 person ,24270.984375,24398.421875,24538.714844,24709.580078,24895.748047,25074.890625,25237.802734,25407.525391,25641.851563,25856.167969,26037.597656,26193.332031,26334.003906,26493.939453,26652.634766,26798.787109,26933.210938,27069.496094,27242.365234,27413.511719,27551.410156,27666.828125,27780.748047,27906.791016,28017.775391,28111.615234
,,W06000010,2 person (No children) ,26177.576172,26383.417969,26579.951172,26762.707031,26924.941406,27086.175781,27246.712891,27384.419922,27495.886719,27601.109375,27715.242188,27838.888672,27957.541016,28042.716797,28098.849609,28150.240234,28208.798828,28242.714844,28208.716797,28165.554688,28125.546875,28099.304688,28071.527344,28016.746094,27955.128906,27889.326172
,,W06000010,"2 person (1 adult, 1 child) ",3323.444092,3366.345459,3407.063477,3453.166016,3502.077148,3551.206787,3603.635742,3662.222412,3718.742188,3776.773438,3834.660156,3889.179688,3942.358643,3996.623291,4050.12085,4101.461914,4146.083008,4192.876465,4242.958496,4290.769043,4339.054688,4384.169434,4428.099609,4472.499512,4516.703613,4562.26123
,,W06000010,3 person (No children) ,5562.617676,5560.57959,5552.410156,5532.811035,5510.580078,5486.619629,5462.730957,5432.691895,5394.956543,5358.440918,5326.20166,5301.26709,5278.115723,5251.864746,5223.949707,5195.741211,5172.444824,5147.066895,5117.479004,5088.418945,5060.092285,5034.132813,5009.21582,4983.658691,4956.400879,4929.38916
,,W06000010,"3 person (2 adults, 1 child) ",4870.244141,4820.170898,4773.0625,4732.17334,4692.905762,4656.72168,4623.185059,4594.738281,4565.42627,4538.817871,4515.048828,4485.205078,4455.038086,4426.581543,4397.396973,4366.47998,4331.508301,4300.143066,4274.103027,4251.291504,4228.585938,4206.648926,4186.175293,4165.928711,4144.48877,4121.959473
,,W06000010,"3 person (1 adult, 2 children) ",1538.889771,1531.331665,1527.560181,1526.143433,1525.294556,1525.46521,1526.676392,1530.585449,1532.95459,1532.695923,1531.047485,1526.730591,1520.476196,1513.648926,1509.341675,1504.815063,1499.223755,1496.078735,1495.137695,1494.360474,1494.55481,1493.978638,1492.814453,1491.601563,1489.786255,1487.253296
,,W06000010,4 person (No children) ,1816.771851,1840.252563,1859.25293,1870.907593,1880.445557,1887.810669,1894.555054,1896.121948,1895.150391,1896.339722,1897.216064,1904.130737,1913.543457,1922.903198,1932.144653,1943.560547,1959.227417,1971.169556,1982.669556,1993.292969,2004.215698,2014.737915,2026.300781,2040.250244,2054.805908,2069.841797
,,W06000010,"4 person (2+ adults, 1+ children) ",7094.798828,7032.512207,6976.507813,6926.049805,6880.361328,6837.943359,6798.570313,6767.937012,6738.96582,6711.370605,6683.8125,6649.582031,6615.727051,6583.075195,6552.117676,6519.946289,6480.865723,6445.055176,6413.232422,6380.765625,6349.898438,6316.387695,6280.720703,6245.726563,6212.81543,6180.432129
,,W06000010,"4 person (1 adult, 3 children) ",507.711182,505.752472,505.53302,505.704529,506.055084,506.500061,506.504852,507.161896,507.533722,507.080444,506.374603,505.205444,502.938416,500.171814,498.123535,496.264526,494.194733,492.342865,490.860504,489.458984,488.301392,487.29483,486.291534,485.419006,484.870575,484.242584
,,W06000010,5+ person (No children) ,457.477051,469.80899,480.502258,488.960663,497.147888,504.613739,511.687653,517.642944,523.254822,529.302063,535.05603,542.59906,550.743835,559.327087,567.686462,576.662659,586.815125,595.917603,604.263916,611.808899,619.187439,626.143738,632.889465,640.143188,647.575439,655.511536
,,W06000010,"5+ person (2+ adults, 1+ children) ",4045.907227,4029.158447,4015.600342,4002.792236,3991.246338,3980.725098,3970.640137,3962.111084,3954.576904,3948.259033,3940.852051,3931.481689,3921.213135,3911.333496,3902.873291,3893.175781,3882.347412,3872.183838,3863.277588,3854.322022,3845.907715,3836.059082,3824.330811,3812.05249,3800.982666,3791.118408
,,W06000010,"5+ person (1 adult, 4+ children) ",195.698425,197.324997,199.503159,201.953445,204.656067,207.274902,209.910263,212.775238,215.380615,217.555679,219.688187,221.571671,222.807037,223.784454,225.074356,226.247513,227.274521,228.574326,230.094254,231.82991,233.67981,235.645294,237.613632,239.600616,241.580414,243.455688
,Swansea ,W06000011,All,105601.185013,106359.967041,107125.957672,107884.944382,108638.914047,109404.132019,110170.301971,110957.969681,111784.738358,112586.226929,113369.96965,114127.45668,114871.442596,115592.086807,116299.114212,116998.374023,117673.717438,118327.586487,118974.710144,119620.779129,120247.821137,120874.074783,121494.470108,122100.965043,122683.053604,123239.561356
,,W06000011,1 person ,36068.152344,36629.101563,37185.796875,37740.671875,38300.140625,38864.210938,39442.152344,40026.867188,40662.597656,41276.136719,41851.984375,42403.730469,42944.191406,43482.132813,44029.949219,44572.625,45097.992188,45605.277344,46177.082031,46736.21875,47262.328125,47789.625,48305.9375,48814.742188,49320.300781,49815.359375
,,W06000011,2 person (No children) ,31181.175781,31398.009766,31628.847656,31845.291016,32041.326172,32242.546875,32415.724609,32598.632813,32773.476563,32938.765625,33119.980469,33299.042969,33480.394531,33652.761719,33786.53125,33926.152344,34066.796875,34207.101563,34252.21875,34299.363281,34359.230469,34423.046875,34496.328125,34558.070313,34595.484375,34619.273438
,,W06000011,"2 person (1 adult, 1 child) ",4383.208984,4447.388184,4506.744141,4572.536133,4638.983887,4704.700195,4774.361816,4847.154297,4924.592773,4998.980957,5075.866699,5149.768555,5221.353516,5286.486816,5355.898438,5425.098633,5487.527344,5546.444336,5616.869629,5693.617676,5770.776856,5845.629395,5920.721191,5996.637207,6068.694824,6137.672852
,,W06000011,3 person (No children) ,6725.743652,6712.288574,6710.005371,6698.653809,6676.023926,6649.814453,6613.513184,6579.228516,6533.150879,6489.724609,6448.398438,6405.778809,6359.552246,6313.576172,6269.556152,6224.238281,6185.386719,6152.411621,6114.936035,6075.410645,6034.233887,6000.621094,5962.419922,5925.324707,5891.392578,5859.050781
,,W06000011,"3 person (2 adults, 1 child) ",6476.103516,6453.089355,6418.54248,6382.358887,6359.083984,6342.078125,6334.76416,6332.097656,6335.697266,6335.313965,6336.958496,6329.196777,6321.946777,6310.955566,6306.941406,6297.247559,6279.507324,6256.549316,6243.419922,6238.749512,6236.406738,6232.202637,6231.458984,6232.962402,6234.191895,6231.106934
,,W06000011,"3 person (1 adult, 2 children) ",2137.788818,2126.564697,2112.377441,2104.971436,2097.730713,2090.473877,2085.61377,2083.570557,2084.466064,2081.584717,2077.510986,2073.374756,2068.867432,2061.014404,2055.460693,2050.860352,2043.983032,2034.591309,2030.900879,2030.702637,2031.754517,2031.689819,2032.043945,2032.368286,2031.375488,2029.088501
,,W06000011,4 person (No children) ,2675.024658,2694.218506,2722.670898,2747.213135,2766.51709,2783.006836,2791.888916,2797.551025,2800.200928,2806.501953,2812.003418,2818.460938,2822.885742,2829.149414,2835.328613,2839.02002,2848.347412,2859.434082,2866.12085,2872.19043,2878.350342,2889.329102,2900.641357,2913.420654,2925.717529,2938.855957
,,W06000011,"4 person (2+ adults, 1+ children) ",9050.243164,9006.412109,8952.871094,8905.180664,8866.714844,8830.474609,8809.189453,8790.500977,8774.331055,8761.705078,8750.460938,8745.770508,8740.384766,8728.833984,8720.777344,8714.151367,8701.518555,8689.874023,8689.429688,8691.532227,8691.265625,8680.637695,8669.166016,8658.681641,8646.90625,8634.446289
,,W06000011,"4 person (1 adult, 3 children) ",693.675049,690.188049,685.883484,683.926697,682.484131,681.119141,680.248779,680.628662,682.100037,682.02771,680.727356,679.533386,678.027466,675.002686,672.472046,670.957458,669.360779,667.706299,667.252747,667.619446,667.842163,667.623657,667.38678,667.157471,666.928711,666.47821
,,W06000011,5+ person (No children) ,1495.311279,1521.530151,1557.453735,1587.913818,1621.089844,1652.962524,1680.366455,1698.244141,1710.538452,1730.67395,1748.331299,1771.506714,1798.28479,1836.563965,1868.358032,1898.285034,1934.396851,1972.325317,1998.878052,2012.807129,2027.159302,2041.012573,2051.082275,2059.04834,2074.483154,2096.585449
,,W06000011,"5+ person (2+ adults, 1+ children) ",4500.704102,4470.759277,4438.052246,4412.13916,4387.512207,4363.907227,4346.112793,4329.117676,4311.334961,4295.003906,4280.928711,4267.099609,4253.94873,4236.700684,4221.689941,4205.718262,4186.71875,4165.64502,4149.216309,4135.936523,4123.527344,4109.422852,4095.711914,4082.571289,4069.098389,4054.744385
,,W06000011,"5+ person (1 adult, 4+ children) ",214.053665,210.416809,206.71225,204.087753,201.306625,198.837219,196.365692,194.376175,192.251724,189.807739,186.818466,184.193192,181.605194,178.908585,176.151077,174.019714,172.18161,170.226257,168.385254,166.630875,164.94577,163.234085,161.572098,159.980545,158.47963,156.899185
,Neath Port Talbot ,W06000012,All,60927.292511,61099.037964,61279.997375,61457.617294,61645.315247,61844.744247,62026.876434,62212.773911,62410.511414,62600.060211,62778.73053,62938.348251,63099.427689,63237.836548,63352.266113,63454.206253,63538.949905,63613.919388,63671.85933,63719.803223,63764.577164,63806.861633,63842.902237,63861.643524,63870.562241,63861.734985
,,W06000012,1 person ,18561.03125,18664.423828,18771.609375,18871.587891,18978.929688,19111.013672,19231.796875,19357.763672,19515.308594,19657.742188,19780.695313,19896.429688,20018.605469,20135.083984,20229.466797,20323.720703,20398.914063,20469.669922,20562.916016,20641.630859,20726.767578,20808.771484,20888.796875,20964.193359,21031.492188,21082.589844
,,W06000012,2 person (No children) ,19009.371094,19119.189453,19238.076172,19357.205078,19487.822266,19606.6875,19705.619141,19801.166016,19877.732422,19968.796875,20071.980469,20155.544922,20240.927734,20305.457031,20369.126953,20424.404297,20479.701172,20540.117188,20549.716797,20566.386719,20571.447266,20581.050781,20590.740234,20582.126953,20571.732422,20559.126953
,,W06000012,"2 person (1 adult, 1 child) ",2349.194092,2359.442627,2370.596191,2384.267578,2398.234863,2413.823242,2431.373047,2451.565674,2475.686768,2497.385254,2516.752197,2536.306641,2555.450928,2573.697754,2592.791748,2610.967529,2625.882568,2638.169922,2653.195557,2668.404785,2683.601318,2696.521484,2708.370606,2721.097656,2732.566406,2744.284912
,,W06000012,3 person (No children) ,4774.081543,4766.709473,4760.446777,4751.101563,4738.021973,4722.362305,4704.315918,4683.712891,4651.183105,4621.998535,4595.79541,4573.115723,4554.439453,4532.411621,4508.557129,4482.918945,4467.280273,4449.276855,4428.858887,4408.986816,4391.946289,4380.083496,4366.445801,4354.923828,4340.918457,4321.833984
,,W06000012,"3 person (2 adults, 1 child) ",4271.449707,4254.17334,4232.676758,4208.697266,4184.333008,4159.043457,4139.303223,4122.218262,4109.10498,4091.070557,4073.843018,4053.7771,4030.980469,4010.49707,3991.16626,3971.016357,3950.242188,3928.298584,3909.464844,3891.207031,3872.479248,3853.134766,3835.346924,3818.41333,3803.003662,3787.850586
,,W06000012,"3 person (1 adult, 2 children) ",1170.319702,1155.619751,1142.029663,1131.151855,1120.831787,1111.047363,1102.210083,1094.210571,1088.450806,1081.540283,1073.200195,1064.825195,1056.192139,1047.793091,1040.304688,1032.873291,1023.381653,1012.872375,1005.016907,997.261902,989.685059,981.241943,972.486511,963.96344,955.304138,947.19873
,,W06000012,4 person (No children) ,1540.43457,1547.306519,1555.073364,1560.622681,1563.480347,1563.072632,1561.498901,1559.780884,1555.276855,1551.06958,1549.327026,1552.221191,1552.907837,1557.913452,1562.592163,1568.859497,1581.092285,1594.123047,1606.427124,1618.630493,1628.230713,1638.890015,1648.571899,1656.805786,1665.574463,1675.06189
,,W06000012,"4 person (2+ adults, 1+ children) ",5868.522949,5853.609375,5834.398438,5819.030762,5802.752441,5789.414551,5784.750977,5780.113281,5778.608887,5774.418945,5765.180664,5757.454102,5746.222168,5735.181152,5723.000488,5708.628906,5687.30957,5662.637207,5642.817871,5619.183594,5597.928711,5571.256348,5542.719238,5515.743652,5490.586914,5468.299805
,,W06000012,"4 person (1 adult, 3 children) ",378.253082,374.488068,370.607758,367.563904,364.914398,362.597961,360.124786,357.513977,355.094788,352.722412,349.644928,346.097534,342.570221,338.756439,334.805481,331.121582,327.000336,322.591522,318.600891,314.792877,311.289978,307.905884,304.698975,301.565979,298.760956,296.011841
,,W06000012,5+ person (No children) ,251.624283,256.162506,260.691589,264.974274,268.513184,271.304626,273.855225,275.984589,277.920624,280.05014,282.992737,286.724945,289.974548,294.413025,299.241241,304.078339,310.00235,316.540131,322.666748,328.515503,333.502563,338.296173,342.802887,347.263641,351.548828,356.284515
,,W06000012,"5+ person (2+ adults, 1+ children) ",2622.448242,2617.516357,2613.431641,2610.636719,2606.307861,2602.737549,2599.945801,2596.301025,2593.352539,2590.067871,2586.007324,2582.542236,2577.829834,2573.420166,2568.160156,2562.632324,2555.414307,2547.343262,2540.106445,2533.001709,2526.143555,2518.515137,2511.092529,2505.179443,2499.042236,2493.403809
,,W06000012,"5+ person (1 adult, 4+ children) ",130.561996,130.396667,130.35965,130.777725,131.173431,131.639389,132.082458,132.443069,132.791046,133.197571,133.311249,133.308975,133.326889,133.211761,133.053009,132.984482,132.729141,132.279373,132.071243,131.800934,131.554886,131.194122,130.829758,130.366455,130.03157,129.788116
,Bridgend ,W06000013,All,59820.318848,60122.679626,60444.637711,60775.332993,61099.102768,61422.098419,61733.899612,62040.474442,62367.403931,62676.91835,62973.007217,63250.686356,63517.884323,63772.926346,64003.305069,64215.894196,64421.456161,64612.456039,64799.649262,64963.710739,65118.288757,65259.425231,65401.934723,65522.985214,65629.076553,65715.946503
,,W06000013,1 person ,17167.234375,17343.748047,17539.451172,17740.671875,17943.388672,18144.015625,18333.414063,18514.724609,18737.978516,18946.613281,19149.285156,19329.041016,19505.1875,19679.974609,19856.410156,20015.65625,20165.320313,20300.529297,20482.636719,20643.347656,20796.830078,20929.691406,21070.193359,21196.669922,21321.613281,21417.078125
,,W06000013,2 person (No children) ,19215.941406,19322.673828,19446.009766,19575.773438,19692.685547,19811.761719,19927.376953,20039.857422,20141.757813,20235.330078,20322.189453,20416.125,20510.9375,20597.416016,20652.050781,20709.888672,20782.296875,20854.361328,20875.669922,20883.417969,20885.230469,20898.738281,20909.15625,20906.755859,20882.470703,20866.439453
,,W06000013,"2 person (1 adult, 1 child) ",2331.144775,2359.475586,2384.848389,2412.663574,2441.820557,2473.23877,2503.131836,2536.36792,2570.635254,2605.384766,2637.910156,2670.60498,2699.317871,2728.374268,2755.167725,2783.657227,2806.019043,2831.451904,2856.894287,2885.097412,2913.199463,2938.699707,2965.1521,2990.924316,3016.693604,3041.088623
,,W06000013,3 person (No children) ,4490.11084,4509.342285,4534.155273,4557.560059,4570.132813,4576.368164,4587.313965,4596.104004,4595.254395,4591.732422,4586.791016,4584.852051,4580.885254,4572.241699,4561.599609,4548.786133,4549.214355,4543.489258,4529.397949,4515.373535,4506.223145,4503.120117,4496.804199,4489.3125,4488.164551,4492.943848
,,W06000013,"3 person (2 adults, 1 child) ",4458.062012,4441.981445,4415.006348,4390.14209,4368.697754,4350.579102,4330.502441,4314.162598,4299.51123,4286.137207,4273.453613,4257.747559,4241.302246,4228.256348,4216.571289,4202.967285,4181.405762,4163.464355,4148.071289,4135.626953,4122.788574,4108.003418,4094.44751,4083.942383,4073.834961,4062.209229
,,W06000013,"3 person (1 adult, 2 children) ",1263.334961,1259.526367,1254.82605,1251.407104,1249.589233,1249.694702,1248.411743,1249.174805,1251.565308,1253.330444,1254.063599,1252.273315,1251.178711,1249.549438,1249.766113,1249.093384,1243.271362,1238.295044,1234.778442,1232.784912,1230.865723,1228.862061,1226.857666,1225.300171,1223.406494,1220.825684
,,W06000013,4 person (No children) ,1578.571289,1611.818359,1648.759399,1683.475586,1711.670776,1732.986206,1757.763306,1779.349487,1794.365112,1810.537842,1826.099243,1847.379761,1866.389893,1885.286743,1904.13623,1925.087402,1956.427124,1984.60791,2009.907105,2036.193848,2064.237305,2090.354736,2115.022949,2139.478272,2165.788086,2191.070313
,,W06000013,"4 person (2+ adults, 1+ children) ",5781.684082,5746.42334,5701.379883,5652.781738,5614.280762,5580.338867,5547.12793,5516.290527,5486.056641,5460.390137,5439.072754,5412.626465,5388.316406,5364.999512,5346.677734,5325.406738,5289.982422,5255.738281,5227.09668,5200.900391,5173.376465,5142.514648,5111.816406,5083.751465,5054.684082,5025.452637
,,W06000013,"4 person (1 adult, 3 children) ",435.848755,438.442871,441.520996,444.802216,449.012024,453.861969,457.43985,461.092712,465.353912,469.551086,473.220215,476.328766,479.124695,480.716461,482.25061,483.78717,484.327545,485.136627,486.207581,487.804138,489.288269,490.989319,493.015686,494.769287,496.357819,497.988007
,,W06000013,5+ person (No children) ,251.832504,257.434448,263.829651,269.928741,275.054932,278.71228,283.319489,287.370697,290.406708,293.813629,297.542236,302.120178,306.385376,310.77002,315.931396,321.536407,329.436371,336.866882,344.569641,351.914032,358.706665,364.609711,369.976929,375.302673,381.417786,388.076355
,,W06000013,"5+ person (2+ adults, 1+ children) ",2702.055176,2685.396973,2666.426514,2645.626221,2629.870117,2614.938721,2600.378662,2586.099365,2572.286133,2559.475586,2546.494629,2532.609863,2518.00293,2502.955566,2488.876709,2474.788574,2457.53125,2441.254883,2426.007813,2411.521729,2396.480225,2381.410889,2365.555664,2351.491699,2338.035645,2324.786377
,,W06000013,"5+ person (1 adult, 4+ children) ",144.498672,146.416077,148.424271,150.500351,152.899582,155.602295,157.719376,159.880295,162.23291,164.621872,166.885147,168.977402,170.855942,172.385666,173.866714,175.238953,176.22374,177.260269,178.411835,179.728165,181.062378,182.430939,183.936005,185.286667,186.609543,187.987854
,Vale of Glamorgan ,W06000014,All,54669.892899,54919.859375,55177.393845,55452.409912,55721.77166,55989.210091,56251.174828,56493.666534,56757.298393,57008.514244,57240.466949,57455.34449,57649.161232,57827.567871,57990.887413,58130.682671,58257.346634,58364.403732,58457.591554,58534.640747,58593.534432,58642.956116,58675.903434,58693.510437,58694.182236,58681.742798
,,W06000014,1 person ,16739.003906,16980.222656,17219.609375,17473.080078,17728.392578,17988.488281,18250.708984,18496.894531,18778.630859,19053.871094,19302.966797,19530.289063,19740.220703,19950.689453,20165.371094,20365.386719,20561.947266,20736.667969,20941.960938,21121.474609,21271.791016,21406.982422,21527.771484,21641.988281,21756.517578,21857.755859
,,W06000014,2 person (No children) ,17259.185547,17313.298828,17376.421875,17459.224609,17528.417969,17593.492188,17646.804688,17685.460938,17723.390625,17752.007813,17789.414063,17831.392578,17867.923828,17898.265625,17908.953125,17908.242188,17898.28125,17894.0625,17847.587891,17809.386719,17777.511719,17754.941406,17730.787109,17695.410156,17635.515625,17574.183594
,,W06000014,"2 person (1 adult, 1 child) ",1991.062988,2000.766968,2012.086304,2021.194824,2032.685425,2043.72876,2057.093018,2071.245361,2086.778076,2102.756836,2116.387207,2127.87915,2137.946533,2143.29834,2148.89209,2153.941895,2159.625244,2161.064209,2165.904297,2173.060059,2180.57959,2188.289307,2196.552002,2204.499756,2213.114502,2220.658447
,,W06000014,3 person (No children) ,3576.162354,3581.041992,3585.137695,3589.232178,3588.96875,3584.268555,3569.488037,3554.619873,3533.634766,3515.584717,3497.775635,3481.260498,3471.441162,3458.123779,3441.930664,3425.307861,3409.919189,3398.491455,3374.330322,3349.682373,3330.497315,3314.148193,3295.09082,3277.283936,3259.150635,3243.610596
,,W06000014,"3 person (2 adults, 1 child) ",3962.635742,3951.178467,3945.519287,3930.54126,3921.225586,3911.49707,3904.69165,3902.669189,3898.65625,3896.390869,3893.864258,3890.864502,3882.012939,3870.680664,3861.144531,3850.450928,3838.69458,3823.531494,3811.321289,3801.161377,3790.149658,3778.8125,3771.066406,3765.249023,3762.000732,3757.802734
,,W06000014,"3 person (1 adult, 2 children) ",1130.680786,1119.395264,1107.861328,1099.250366,1091.947998,1084.290649,1078.962524,1073.301025,1069.516113,1063.062744,1054.43457,1045.833618,1035.635986,1025.000854,1014.549072,1005.577454,997.235046,988.240723,982.099854,976.887024,971.479675,965.708679,959.935059,954.016113,948.132141,942.101074
,,W06000014,4 person (No children) ,1201.1604,1216.998413,1232.435059,1245.895264,1257.772949,1266.746582,1270.485352,1274.557495,1274.812744,1276.58606,1281.511475,1287.975342,1298.979248,1310.909546,1322.016846,1333.998657,1346.256592,1361.344238,1369.922119,1376.03125,1383.374756,1390.066162,1396.689819,1403.079834,1409.994995,1417.513794
,,W06000014,"4 person (2+ adults, 1+ children) ",5410.793457,5384.266602,5354.680664,5318.087402,5284.237305,5255.997559,5237.206543,5222.61084,5205.098633,5187.193359,5168.465332,5148.328125,5126.935547,5105.063477,5084.45166,5063.879883,5041.316406,5016.581055,4997.905762,4979.460938,4959.894043,4936.478027,4910.841797,4885.052246,4861.73291,4838.334473
,,W06000014,"4 person (1 adult, 3 children) ",378.11972,378.257721,378.220306,379.4151,380.702362,381.842285,383.995636,385.626099,387.51181,388.661743,388.492126,388.475677,387.612732,386.770752,385.814178,385.222931,384.821991,384.179382,384.659271,385.328247,385.955902,386.363525,386.593842,386.756836,386.813782,386.679321
,,W06000014,5+ person (No children) ,229.565292,235.468765,241.177216,246.331375,251.443039,255.848541,259.253662,262.809418,265.328888,268.197784,271.932465,275.821045,280.736023,286.278503,291.913116,298.124207,304.433258,311.182404,317.754791,323.398132,328.395691,332.813934,337.074097,340.980316,345.020782,348.791809
,,W06000014,"5+ person (2+ adults, 1+ children) ",2662.106445,2630.376465,2596.675781,2563.077148,2529.477783,2497.135742,2467.09375,2438.924072,2409.362793,2380.119141,2351.927734,2324.724121,2298.220947,2272.142822,2246.663818,2222.336426,2197.52417,2172.817627,2148.804688,2124.209473,2100.068115,2075.219482,2051.0896,2027.497559,2005.154663,1983.97522
,,W06000014,"5+ person (1 adult, 4+ children) ",129.41626,128.587234,127.568954,127.080307,126.499916,125.873878,125.390984,124.947693,124.576836,124.082085,123.295288,122.500771,121.495583,120.344055,119.187218,118.213524,117.291641,116.240677,115.340332,114.560547,113.836952,113.132477,112.4114,111.696381,111.03389,110.335876
,Cardiff ,W06000015,All,147582.039185,149246.132874,151001.769348,152758.126892,154532.4617,156348.837677,158145.492065,160019.802673,161967.865326,163914.63031,165868.32663,167802.781158,169744.962616,171671.484253,173596.973785,175532.492767,177466.013428,179423.41272,181410.076782,183394.981446,185384.293152,187379.362642,189382.697449,191376.464081,193346.05124,195296.481903
,,W06000015,1 person ,49889.292969,50831.878906,51825.960938,52800.097656,53805.058594,54816.515625,55806.902344,56830.027344,57921.960938,59005.652344,60079.019531,61131.992188,62210.828125,63279.632813,64373.363281,65471.597656,66560.640625,67671.890625,68867.703125,70035.84375,71194.78125,72347.789063,73503.898438,74642.101563,75765.335938,76870.796875
,,W06000015,2 person (No children) ,40971.136719,41364.460938,41808.480469,42253.8125,42641.554688,43050.523438,43413.363281,43815.210938,44226.148438,44607.652344,44997.078125,45384.882813,45750.085938,46112.566406,46441.058594,46790.835938,47162.035156,47536.648438,47847.816406,48174.195313,48517.167969,48875.398438,49241.363281,49609.21875,49949.371094,50282.464844
,,W06000015,"2 person (1 adult, 1 child) ",5472.187988,5517.46875,5564.038086,5617.300293,5680.816895,5753.104492,5830.475098,5915.928223,6004.300293,6101.267578,6196.613281,6282.127441,6363.635254,6441.935547,6521.396973,6598.169434,6667.01709,6740.941895,6825.890625,6912.781738,7000.416504,7083.861328,7165.905273,7247.972656,7327.021484,7403.78418
,,W06000015,3 person (No children) ,9544.852539,9583.115234,9614.789063,9643.378906,9655.557617,9661.891602,9670.806641,9666.126953,9661.145508,9656.791016,9656.87793,9671.834961,9682.944336,9697.255859,9710.297852,9724.004883,9747.276367,9769.517578,9783.290039,9801.132813,9824.643555,9858.06543,9891.324219,9928.589844,9974.564453,10020.05957
,,W06000015,"3 person (2 adults, 1 child) ",9144.485352,9194.829102,9249.882813,9303.886719,9386.773438,9479.831055,9575.983398,9693.518555,9811.780273,9929.776367,10049.382813,10151.946289,10256.222656,10356.135742,10453.12207,10539.973633,10616.368164,10688.339844,10767.97168,10856.728516,10944.293945,11035.5,11130.395508,11228.700195,11333.161133,11437.878906
,,W06000015,"3 person (1 adult, 2 children) ",2788.009521,2751.731445,2722.959229,2698.673096,2678.5271,2662.572021,2649.65625,2642.2771,2632.859619,2623.864746,2613.440186,2597.288574,2577.999512,2555.407471,2534.68457,2514.142334,2491.160156,2470.414307,2456.261475,2444.063721,2432.530518,2419.946045,2407.551025,2395.397217,2381.905762,2367.698486
,,W06000015,4 person (No children) ,4293.179199,4363.310547,4417.243164,4470.121094,4513.649414,4546.407715,4584.123047,4605.435547,4632.325684,4662.029297,4696.557617,4749.20459,4804.489258,4868.327148,4932.810547,4997.628906,5071.06543,5142.164063,5204.525879,5266.421387,5326.753418,5390.174805,5452.543945,5515.124023,5582.599121,5652.694336
,,W06000015,"4 person (2+ adults, 1+ children) ",12835.461914,12902.90918,12982.099609,13063.943359,13171.935547,13292.114258,13425.856445,13575.227539,13716.561523,13871.469727,14023.02832,14161.554688,14301.670898,14428.623047,14562.792969,14692.916992,14811.236328,14935.613281,15071.34082,15209.03125,15343.074219,15468.382813,15595.665039,15722.905273,15845.344727,15965.316406
,,W06000015,"4 person (1 adult, 3 children) ",1090.743164,1085.522827,1083.205566,1082.87085,1083.955566,1086.56958,1089.807251,1095.014404,1099.127075,1102.870728,1105.881226,1106.079834,1105.474854,1103.894531,1102.086914,1100.695557,1097.537231,1095.132446,1095.291016,1096.223145,1097.240479,1097.719727,1097.759888,1097.55542,1097.310669,1096.74292
,,W06000015,5+ person (No children) ,2734.844238,2804.598877,2847.585205,2892.982178,2930.108643,2956.051025,2990.507568,3003.750732,3022.063965,3046.993408,3079.306641,3136.462402,3205.022705,3289.084717,3371.023682,3452.481934,3540.263428,3617.805908,3678.909424,3728.503418,3777.391846,3824.65332,3866.544922,3908.20166,3960.39502,4021.017822
,,W06000015,"5+ person (2+ adults, 1+ children) ",8295.930664,8328.728516,8370.938477,8419.044922,8474.915039,8535.649414,8602.203125,8673.015625,8737.707031,8807.265625,8875.292969,8937.285156,8998.398438,9055.016602,9115.18457,9174.842773,9230.347656,9287.970703,9347.671875,9410.084961,9469.501953,9524.988281,9580.576172,9635.3125,9687.524414,9740.443359
,,W06000015,"5+ person (1 adult, 4+ children) ",521.914917,517.578552,514.586731,512.01532,509.609161,507.607452,505.807617,504.269714,501.884979,498.997131,495.847992,492.122223,488.190643,483.60437,479.151764,475.202728,471.065796,466.973633,463.404419,459.971436,456.497498,452.883392,449.169739,445.384979,441.517426,437.584198
,Rhondda Cynon Taf ,W06000016,All,101921.772003,102453.702576,103011.808899,103570.870178,104144.567413,104706.231934,105267.098145,105847.704987,106473.09552,107058.957489,107629.44931,108177.943207,108688.966888,109186.129852,109661.183838,110121.686066,110576.12149,111025.497772,111454.776917,111873.582916,112264.507355,112643.698425,113011.435944,113361.228607,113690.980988,114025.721924
,,W06000016,1 person ,31418.708984,31846.791016,32290.107422,32723.978516,33196.578125,33642.988281,34104.574219,34569.144531,35109.550781,35622.242188,36084.863281,36536.53125,36941.449219,37345.835938,37757.765625,38158.191406,38572.613281,38988.472656,39451.539063,39913.632813,40320.265625,40709.46875,41084.246094,41451.148438,41801.589844,42157.296875
,,W06000016,2 person (No children) ,29725.259766,29836.900391,29975.791016,30115.705078,30225.951172,30332.550781,30407.375,30503.632813,30581.101563,30628.996094,30719.226563,30795.417969,30889.009766,30973.123047,31021.361328,31066.927734,31097.347656,31125.236328,31070.058594,30993.333984,30937.076172,30890.857422,30843.289063,30777.599609,30708.125,30646.474609
,,W06000016,"2 person (1 adult, 1 child) ",4917.458984,5020.584961,5113.833984,5210.270996,5310.437988,5418.404297,5528.296875,5640.253906,5753.210449,5864.199219,5974.602051,6077.980469,6177.132324,6275.78418,6371.778809,6470.364258,6563.605957,6660.505859,6762.699219,6866.096191,6967.492188,7063.470215,7160.801758,7258.781738,7351.960449,7444.598633
,,W06000016,3 person (No children) ,7727.217285,7720.547363,7726.519043,7717.484863,7695.04541,7665.865723,7627.542969,7585.157715,7533.064941,7482.334473,7439.324707,7409.750488,7373.886719,7341.932129,7315.52002,7285.505371,7268.717285,7240.914551,7205.736816,7172.710938,7145.73584,7128.749512,7109.902344,7095.211426,7083.371094,7067.956543
,,W06000016,"3 person (2 adults, 1 child) ",7116.814453,7095.285645,7061.48584,7033.529785,7012.439941,6999.128906,6992.29834,6990.171387,6986.656738,6983.191895,6975.394043,6964.945313,6952.691895,6939.751953,6925.30127,6909.276855,6886.375,6864.385254,6848.433106,6839.183106,6832.445801,6824.173828,6821.246094,6818.613281,6815.888184,6811.095215
,,W06000016,"3 person (1 adult, 2 children) ",2478.232178,2504.771729,2530.712402,2561.21875,2591.976318,2625.927002,2661.040771,2696.854248,2732.902588,2768.518555,2800.871094,2826.840576,2853.843018,2876.789063,2898.456787,2922.493896,2942.230225,2964.560547,2988.838867,3013.935303,3039.245361,3062.549805,3085.41626,3108.042236,3129.641602,3150.498047
,,W06000016,4 person (No children) ,2635.559814,2651.195068,2671.855713,2684.663086,2694.509766,2698.182129,2697.325684,2692.433838,2687.156738,2683.76709,2683.089844,2689.073486,2688.899902,2693.305908,2703.184814,2715.418213,2738.297852,2758.906494,2778.05542,2798.173584,2817.891357,2838.793457,2859.859863,2883.033691,2905.713379,2925.560303
,,W06000016,"4 person (2+ adults, 1+ children) ",9721.901367,9641.232422,9548.797852,9467.24707,9395.469727,9332.100586,9285.845703,9236.121094,9186.896484,9148.368164,9102.514648,9056.254883,9015.473633,8969.5,8923.141602,8873.270508,8812.970703,8755.823242,8707.741211,8659.0625,8611.679688,8557.441406,8503.548828,8449.126953,8395.882813,8343.706055
,,W06000016,"4 person (1 adult, 3 children) ",859.003235,866.05304,873.26532,882.569641,891.532959,900.854126,910.262207,920.34552,929.933533,939.329163,947.542114,953.03595,959.493958,964.078003,968.090759,973.112915,976.584839,980.270203,984.322876,989.1698,994.041199,999.006531,1003.922974,1008.728027,1013.839905,1018.689697
,,W06000016,5+ person (No children) ,542.662048,542.427979,544.025391,543.879333,543.082397,541.057129,537.584961,533.472473,529.896729,528.684265,529.276794,533.646362,537.560791,543.179077,550.722534,556.282043,563.569275,568.985413,573.57019,577.209229,579.842957,583.282959,585.895752,589.117065,593.414368,598.350891
,,W06000016,"5+ person (2+ adults, 1+ children) ",4509.164063,4457.421875,4403.800781,4356.92041,4312.04834,4271.808105,4235.711914,4199.098145,4160.242188,4125.240234,4087.735352,4049.227539,4013.893066,3977.4729,3940.768066,3905.615479,3868.474854,3832.088135,3798.273926,3765.121338,3732.418945,3699.0271,3665.901856,3634.00293,3603.300537,3572.902344
,,W06000016,"5+ person (1 adult, 4+ children) ",269.789825,270.491089,271.614136,273.402649,275.49527,277.364868,279.239502,281.019318,282.482788,284.086151,285.00882,285.238922,285.632599,285.377655,285.092224,285.227386,285.334564,285.349091,285.507629,285.954132,286.372223,286.877441,287.40506,287.823212,288.253815,288.592712
,Merthyr Tydfil ,W06000024,All,24419.144554,24454.351131,24495.716991,24533.287449,24571.873196,24620.052032,24659.384083,24693.961185,24739.640728,24769.178761,24801.729595,24819.30682,24830.880764,24836.450314,24830.381031,24818.650108,24797.18927,24775.630959,24750.281033,24723.359398,24688.678074,24653.958756,24620.181919,24585.290195,24538.993939,24499.991085
,,W06000024,1 person ,6542.344727,6538.406738,6546.309082,6549.17627,6553.23291,6573.940918,6592.574707,6606.537598,6638.280273,6656.993652,6680.260742,6688.138184,6691.901367,6689.742188,6680.363281,6671.247559,6655.324707,6636.933105,6629.516602,6629.439941,6624.261719,6623.386231,6627.152344,6633.956543,6629.235352,6639.640137
,,W06000024,2 person (No children) ,7184.783691,7225.837402,7266.72998,7303.725586,7344.033691,7380.853516,7402.716309,7427.148438,7451.425781,7466.495605,7486.186523,7505.731445,7527.528809,7556.074707,7576.368164,7595.201172,7609.90332,7635.231934,7645.128906,7642.12207,7635.590332,7627.503418,7619.575684,7605.992188,7588.151856,7570.224121
,,W06000024,"2 person (1 adult, 1 child) ",1362.653564,1380.698242,1396.420654,1414.578857,1431.696777,1449.063599,1469.050659,1486.322266,1504.627441,1523.135498,1540.092773,1555.694702,1568.793701,1577.903809,1588.830078,1599.074829,1607.893677,1614.513306,1622.195435,1632.547852,1642.085083,1650.25,1657.181885,1666.110718,1674.598145,1681.404663
,,W06000024,3 person (No children) ,2184.281982,2197.654297,2213.343994,2225.157959,2235.737793,2244.060059,2247.874268,2254.365723,2257.223389,2260.634033,2262.581299,2267.119385,2275.607666,2285.322754,2289.658936,2292.050049,2299.287842,2306.826416,2311.746338,2314.226318,2319.875732,2327.367676,2338.507813,2346.552002,2355.465576,2361.234619
,,W06000024,"3 person (2 adults, 1 child) ",1743.472534,1732.87793,1716.677124,1701.579224,1687.650269,1674.903442,1665.617065,1655.867798,1647.125,1640.891968,1636.567261,1629.493286,1620.859741,1610.690552,1603.197754,1594.082886,1583.0625,1568.461792,1555.246704,1544.98877,1533.147827,1518.970215,1503.538208,1489.762573,1475.924316,1460.658081
,,W06000024,"3 person (1 adult, 2 children) ",510.811249,500.795319,490.31665,482.591156,474.288696,465.784821,459.315704,452.419678,445.551636,439.49292,433.15274,425.396027,416.623932,407.183624,399.053345,390.771484,381.637939,371.488861,362.730957,355.225098,347.666473,340.146088,332.470184,325.186066,318.444122,311.806152
,,W06000024,4 person (No children) ,832.622498,846.860352,863.83136,875.895935,888.781616,899.245483,905.992981,913.854004,922.065063,929.056458,934.8974,945.305176,957.910278,972.375549,987.208252,1002.454834,1020.736328,1042.00354,1060.413696,1075.570435,1091.857178,1108.469605,1122.151367,1134.065796,1145.963745,1157.448364
,,W06000024,"4 person (2+ adults, 1+ children) ",2394.505127,2376.087158,2355.037109,2338.499512,2320.986572,2304.130127,2293.26709,2280.67627,2264.766602,2250.603516,2236.262451,2220.60376,2201.681641,2180.289551,2161.661133,2142.061035,2120.162109,2095.065186,2071.544678,2049.538574,2026.036865,2001.091431,1974.126587,1949.309448,1926.564697,1903.316528
,,W06000024,"4 person (1 adult, 3 children) ",198.916916,196.161697,193.700302,192.315292,190.689209,188.773148,187.533234,186.176468,184.369415,182.392334,179.551926,176.711212,173.393143,169.984741,166.53154,163.251633,160.08046,156.500488,153.437027,150.65065,147.776123,145.049606,142.334152,139.452133,137.017853,134.695694
,,W06000024,5+ person (No children) ,128.192017,129.136902,130.381363,131.167999,132.103897,132.826813,133.078491,133.463135,134.13295,135.249619,136.038635,137.11409,138.462006,140.283081,141.978256,144.025391,146.459824,149.339706,151.764389,154.231094,157.124374,160.041,162.976456,165.560791,167.993515,169.980484
,,W06000024,"5+ person (2+ adults, 1+ children) ",1271.636108,1266.156982,1260.655518,1257.456665,1252.820557,1247.853149,1244.836792,1240.690308,1234.747803,1230.020386,1223.222168,1216.261475,1207.65271,1197.590942,1187.923462,1178.108032,1167.618896,1155.605347,1144.084351,1133.383301,1122.878662,1112.303711,1101.776123,1091.851563,1083.001831,1073.772095
,,W06000024,"5+ person (1 adult, 4+ children) ",64.924141,63.678112,62.313854,61.142994,59.851208,58.616959,57.526783,56.439503,55.325375,54.212772,52.915676,51.738079,50.465771,49.008816,47.606831,46.321205,45.021667,43.661278,42.471951,41.435295,40.377705,39.379776,38.391117,37.490376,36.632931,35.810146
,Caerphilly ,W06000018,All,75541.551254,75822.294617,76127.561096,76425.748749,76722.427979,77026.80658,77305.995178,77585.777954,77897.123016,78177.663239,78430.197296,78657.084656,78851.437958,79024.022369,79183.362549,79324.707062,79437.528076,79544.797516,79647.820953,79738.371795,79795.474518,79851.611938,79889.021729,79899.884765,79914.525941,79923.888
,,W06000018,1 person ,20816.244141,20993.412109,21182.525391,21370.126953,21568.050781,21783.34375,21989.320313,22193.685547,22448.324219,22686.439453,22888.228516,23078.435547,23225.238281,23364.378906,23508.103516,23646.134766,23767.279297,23891.595703,24063.109375,24209.269531,24317.267578,24436.630859,24534.931641,24610.662109,24706.945313,24815.160156
,,W06000018,2 person (No children) ,23443.582031,23565.884766,23714.650391,23852.148438,23970.880859,24092.625,24183.896484,24283.041016,24381.226563,24455.277344,24537.011719,24602.857422,24682.939453,24759.058594,24818.265625,24873.416016,24904.886719,24930.976563,24902.646484,24894.675781,24887.121094,24873.525391,24862.441406,24839.484375,24808.822266,24754.916016
,,W06000018,"2 person (1 adult, 1 child) ",3547.130859,3601.621338,3653.043457,3708.897217,3767.160156,3822.20752,3877.572266,3935.65332,3991.112061,4046.135498,4102.313965,4154.108398,4204.893066,4248.148926,4293.086914,4335.011719,4379.063477,4426.510742,4477.833008,4525.095215,4571.131348,4613.779297,4656.814453,4698.134277,4736.688477,4777.151855
,,W06000018,3 person (No children) ,5848.697266,5851.158203,5867.180176,5866.669922,5858.677734,5850.640625,5835.241699,5814.414063,5786.979004,5766.750488,5740.300781,5721.533691,5706.955566,5693.525879,5680.415527,5663.351074,5654.441406,5637.087891,5608.691895,5587.571777,5566.238281,5554.306641,5538.591309,5523.053223,5509.658203,5493.331543
,,W06000018,"3 person (2 adults, 1 child) ",5660.027344,5629.806152,5596.379395,5572.638672,5554.050781,5529.63623,5510.197754,5487.800293,5466.101074,5440.936035,5419.671387,5398.057129,5372.522461,5343.299316,5313.946777,5284.730469,5258.378906,5235.72998,5217.273926,5198.913574,5180.833496,5157.566895,5136.745606,5118.844238,5097.997559,5078.416504
,,W06000018,"3 person (1 adult, 2 children) ",1626.067017,1619.06543,1606.506836,1599.124878,1594.229126,1588.716431,1585.322876,1582.856079,1579.999146,1574.681519,1571.098267,1563.839966,1555.849731,1546.747559,1537.584351,1528.852905,1519.663696,1513.063843,1508.715698,1502.781128,1497.359741,1490.353638,1483.872681,1476.730591,1468.995239,1462.019531
,,W06000018,4 person (No children) ,1894.132324,1916.31311,1945.217896,1965.856812,1980.834717,1994.726074,2004.708984,2012.321533,2017.872925,2027.80835,2035.549072,2051.371826,2068.951904,2085.982422,2105.037842,2123.89917,2145.856689,2164.008057,2177.701904,2192.835205,2208.273193,2225.428955,2242.060547,2261.112549,2278.467041,2296.192871
,,W06000018,"4 person (2+ adults, 1+ children) ",7684.510254,7638.911621,7579.397461,7526.254883,7480.541992,7432.475586,7398.408691,7364.181641,7327.14209,7293.720703,7263.005371,7229.470703,7193.532227,7157.082031,7117.812012,7075.97998,7031.723633,6987.748535,6950.798828,6906.436035,6864.963379,6817.524414,6770.076172,6726.105957,6678.695313,6634.375
,,W06000018,"4 person (1 adult, 3 children) ",581.660278,578.066345,572.153076,568.572632,565.888367,563.655457,562.187622,561.53717,560.492371,558.572632,557.016052,553.501282,549.674072,545.645569,541.34845,537.269287,532.991028,529.551392,526.81543,523.609558,520.741272,517.623352,514.640991,511.375732,508.192596,505.137817
,,W06000018,5+ person (No children) ,318.650116,325.286316,332.45874,338.150574,343.034271,348.546509,353.432678,357.639771,362.059326,366.568665,370.284241,374.522919,378.925842,383.818176,388.840363,394.543762,400.747833,406.507141,411.368927,416.993744,422.696991,429.079926,434.954956,440.91391,446.346649,451.475281
,,W06000018,"5+ person (2+ adults, 1+ children) ",3864.873779,3839.54248,3808.21875,3780.046631,3754.198975,3727.950684,3706.373291,3685.798828,3661.939453,3640.613037,3619.574707,3597.996338,3575.614746,3555.044678,3532.800537,3510.411133,3486.625977,3461.251221,3437.3125,3409.946289,3383.891113,3356.244141,3329.586426,3304.571289,3280.15918,3257.572998
,,W06000018,"5+ person (1 adult, 4+ children) ",255.975845,263.226746,269.829529,277.261139,284.880219,292.282715,299.33252,306.848694,313.874786,320.159515,326.143219,331.389435,336.340607,341.290314,346.120636,351.106781,355.869415,360.766449,365.552979,370.243958,374.957031,379.548431,384.305542,388.896515,393.558105,398.138428
,Blaenau Gwent ,W06000019,All,30669.742165,30734.130482,30805.417824,30891.79842,30967.624718,31042.903435,31104.037472,31159.545052,31227.537712,31277.497005,31328.722,31363.690147,31382.368198,31380.376534,31365.930206,31358.356339,31334.102821,31309.601831,31283.002089,31242.422478,31206.307742,31166.095465,31118.477304,31074.570024,31028.827474,30978.58077
,,W06000019,1 person ,9867.500977,9953.527344,10042.726563,10153.868164,10264.65625,10361.951172,10454.713867,10542.458984,10654.818359,10740.512695,10830.99707,10902.017578,10961.638672,11006.483398,11047.395508,11096.742188,11129.043945,11167.664063,11227.695313,11270.563477,11320.907227,11363.029297,11399.881836,11447.307617,11498.526367,11543.400391
,,W06000019,2 person (No children) ,8878.333984,8895.026367,8917.552734,8941.602539,8950.960938,8976.876953,8983.837891,8985.637695,8987.588867,8992.214844,9000.825195,9012.951172,9017.521484,9017.069336,9005.692383,9004.444336,8997.751953,8986.783203,8954.722656,8917.761719,8886.985352,8857.658203,8822.923828,8785.098633,8738.506836,8697.001953
,,W06000019,"2 person (1 adult, 1 child) ",1474.285522,1485.775146,1496.434692,1507.586426,1518.522095,1527.17749,1537.161743,1550.802734,1561.516724,1572.769531,1582.704956,1591.778442,1599.48938,1604.070923,1607.216919,1606.733276,1607.480713,1610.725342,1612.148315,1615.081055,1617.647461,1620.610718,1624.623779,1628.325928,1632.843994,1635.934204
,,W06000019,3 person (No children) ,2460.022705,2469.111084,2479.009521,2484.050537,2482.019043,2485.476318,2483.895264,2476.782227,2463.467041,2450.540283,2441.939697,2436.275879,2429.981201,2426.067627,2419.925293,2418.752197,2421.565674,2419.385498,2419.273438,2420.239014,2418.461914,2420.822022,2423.631104,2424.544678,2425.180908,2423.553955
,,W06000019,"3 person (2 adults, 1 child) ",2226.034424,2221.307373,2218.801514,2212.871094,2208.276367,2202.14209,2200.204834,2201.426514,2201.705811,2203.869385,2201.77832,2197.30835,2193.832764,2187.877197,2183.5271,2174.296631,2164.068604,2154.425049,2142.134766,2132.41919,2120.509522,2108.939209,2097.310547,2083.469482,2071.114014,2058.794434
,,W06000019,"3 person (1 adult, 2 children) ",687.027344,679.551819,671.370789,664.215881,660.613159,654.876709,650.845459,647.874573,644.145813,641.342407,636.225281,629.44928,623.334106,616.714417,611.413391,604.694519,597.975037,591.872986,584.493835,577.961609,571.015381,563.658325,556.434631,548.987122,541.705994,534.388
,,W06000019,4 person (No children) ,718.946533,722.239441,725.08606,725.959473,722.802002,721.740051,718.954712,713.173401,707.521179,701.335938,697.16748,696.062317,694.013367,693.90979,693.705688,694.661194,697.189697,697.737366,701.145569,704.195251,705.724182,707.805237,710.77356,714.394836,717.967896,721.240173
,,W06000019,"4 person (2+ adults, 1+ children) ",2670.90332,2635.259277,2597.141113,2558.330078,2525.530762,2490.633789,2462.472656,2438.633789,2414.664063,2391.938965,2365.904541,2340.165771,2317.462891,2295.722412,2275.814697,2250.689453,2225.212891,2201.118896,2175.923096,2152.40332,2126.861816,2099.255859,2071.514648,2043.955689,2017.203735,1991.338501
,,W06000019,"4 person (1 adult, 3 children) ",200.524429,197.822449,194.634201,192.147339,191.59407,190.00087,188.84462,187.994003,186.886627,186.125702,184.473206,181.954224,179.625412,177.050064,175.141907,172.872437,170.462372,168.1884,165.414856,162.894943,160.334366,157.757156,155.246262,152.621353,150.038483,147.641922
,,W06000019,5+ person (No children) ,111.106491,111.28186,111.217545,110.861786,110.10955,109.537842,108.992622,108.099304,107.483528,106.956787,106.718796,107.117271,107.673965,108.687492,109.694351,110.77961,111.831863,112.760979,114.014381,115.15889,116.158768,116.987976,117.519615,117.867966,118.066147,118.171379
,,W06000019,"5+ person (2+ adults, 1+ children) ",1324.719238,1314.663452,1304.428955,1294.769409,1288.257813,1279.595825,1272.384766,1265.961182,1258.178711,1251.133667,1242.257324,1231.825806,1221.883789,1211.677246,1202.105591,1190.283691,1178.92981,1167.155884,1155.089966,1143.575073,1132.294922,1120.947144,1110.793091,1100.98999,1091.465088,1081.661987
,,W06000019,"5+ person (1 adult, 4+ children) ",50.337196,48.564869,47.014137,45.535694,44.282669,42.894325,41.729038,40.700645,39.560989,38.756802,37.730133,36.784058,35.911167,35.046631,34.297379,33.406807,32.590263,31.784166,30.945898,30.168938,29.406832,28.624319,27.824404,27.006731,26.208014,25.453871
,Torfaen ,W06000020,All,39050.880989,39176.371346,39323.412018,39453.0289,39582.966827,39720.080406,39841.035072,39963.336555,40092.753464,40208.45607,40316.200661,40406.18972,40489.205627,40551.474861,40603.960579,40653.102242,40692.756813,40726.059067,40742.629143,40751.936188,40756.786599,40754.407753,40745.387771,40727.538438,40700.740914,40673.096542
,,W06000020,1 person ,11512.392578,11616.750977,11736.291016,11847.842773,11964.771484,12087.475586,12198.328125,12306.953125,12438.261719,12557.258789,12669.775391,12765.041016,12859.091797,12943.602539,13027.475586,13114.914063,13196.84668,13271.948242,13360.921875,13440.490234,13507.408203,13571.477539,13636.792969,13693.148438,13744.735352,13798.027344
,,W06000020,2 person (No children) ,12063.076172,12081.96582,12123.125,12143.350586,12160.961914,12183.241211,12191.71582,12207.78418,12211.319336,12211.72168,12216.245117,12219.55957,12220.920898,12208.37793,12187.373047,12171.751953,12149.763672,12132.414063,12076.453125,12026.835938,11990.266602,11948.6875,11899.833984,11850.326172,11797.074219,11746.837891
,,W06000020,"2 person (1 adult, 1 child) ",1551.199219,1565.016724,1576.809937,1592.397827,1609.148804,1627.617676,1647.625488,1667.664795,1688.442627,1710.810303,1728.404053,1744.31189,1761.471313,1776.626831,1790.876709,1802.199341,1812.849854,1824.84082,1835.814575,1846.561401,1855.706177,1863.923218,1872.356079,1879.699219,1886.341553,1890.463745
,,W06000020,3 person (No children) ,2870.260498,2881.668701,2895.402344,2903.792725,2903.541992,2897.108398,2889.893311,2881.666748,2865.856445,2848.842529,2841.450439,2837.381592,2830.685791,2826.708008,2825.014404,2822.795898,2826.554688,2824.411865,2828.311279,2829.239502,2834.914063,2842.014404,2844.00415,2848.371826,2852.697998,2856.406982
,,W06000020,"3 person (2 adults, 1 child) ",2939.630127,2937.523438,2932.053955,2928.003174,2924.690186,2921.641602,2920.448242,2921.425537,2926.078369,2928.886719,2928.888916,2929.231689,2929.952148,2930.306396,2931.304932,2927.864014,2925.356445,2923.648438,2923.965088,2923.733154,2920.798096,2916.95044,2914.971436,2911.88794,2907.111328,2899.952393
,,W06000020,"3 person (1 adult, 2 children) ",825.854797,832.163391,836.073975,842.056335,849.942322,858.947815,868.568298,876.928772,886.922668,897.309875,903.624939,908.354187,913.899841,918.333252,921.702881,923.666992,924.750549,925.924011,927.376953,928.61261,928.72583,928.400574,928.284241,927.395691,926.51001,925.175598
,,W06000020,4 person (No children) ,910.860962,919.444336,927.984924,934.554382,937.163818,935.96051,933.91449,932.176208,929.36438,925.869385,925.382446,928.807678,929.231689,932.68811,937.432922,945.025391,954.064392,961.77478,969.676941,978.14325,985.949768,994.769226,1002.595886,1011.547852,1020.661194,1031.12207
,,W06000020,"4 person (2+ adults, 1+ children) ",3922.348145,3901.58252,3873.353271,3850.756592,3833.147461,3818.876953,3809.184326,3796.595703,3785.178955,3775.025635,3760.975098,3745.052979,3728.433105,3711.999023,3692.999268,3670.838867,3646.17334,3623.311035,3599.657471,3575.471924,3548.450928,3521.029297,3495.891602,3470.869873,3446.091065,3419.792969
,,W06000020,"4 person (1 adult, 3 children) ",275.551392,276.4599,276.956757,278.316956,280.507202,283.16687,286.230652,288.489716,290.488159,293.00061,294.348083,294.536774,294.611267,294.612,294.253021,293.341217,292.067383,290.971924,289.579803,288.164764,286.548218,285.257843,284.29599,283.082336,282.010071,280.94574
,,W06000020,5+ person (No children) ,163.341583,166.610443,169.678787,172.575668,174.744781,176.095734,177.641006,179.235611,181.132217,182.820923,185.295929,188.196579,191.028427,194.164139,197.572708,200.905182,203.987091,206.877609,209.962723,213.019775,216.265656,219.5578,222.63559,225.623734,228.891724,232.088333
,,W06000020,"5+ person (2+ adults, 1+ children) ",1917.393677,1899.162231,1878.793823,1863.350342,1848.984253,1835.15979,1823.386841,1811.028198,1797.008301,1784.839844,1770.725952,1755.848145,1741.231812,1726.669434,1711.87085,1695.190674,1677.21228,1658.153198,1640.483643,1622.477173,1603.77417,1585.351074,1567.551025,1550.178589,1533.898804,1518.191406
,,W06000020,"5+ person (1 adult, 4+ children) ",98.97184,98.022865,96.888229,96.03154,95.36261,94.788261,94.098473,93.387962,92.700287,92.069778,91.084297,89.867622,88.647537,87.387199,86.084251,84.60865,83.13044,81.783081,80.425667,79.186462,77.978889,76.988838,76.17482,75.406769,74.717598,74.092072
,Monmouthshire ,W06000021,All,38993.939461,39166.133186,39354.983322,39536.174835,39709.716827,39883.141983,40055.078606,40217.816544,40388.216187,40541.055878,40676.406731,40806.890533,40927.148949,41032.651352,41123.897377,41200.607353,41263.371307,41305.364677,41343.324058,41350.462929,41337.523567,41310.612977,41261.328171,41190.421769,41101.843872,41002.28627
,,W06000021,1 person ,10967.217773,11076.630859,11199.749023,11317.392578,11440.144531,11563.179688,11684.977539,11806.59375,11943.785156,12062.915039,12164.839844,12270.232422,12367.540039,12469.947266,12573.827148,12678.09375,12775.318359,12859.474609,12990.097656,13079.139648,13152.806641,13221.081055,13271.964844,13306.960938,13329.167969,13349.771484
,,W06000021,2 person (No children) ,13894.318359,14007.717773,14134.05957,14258.000977,14364.847656,14468.978516,14575.432617,14668.658203,14761.25293,14849.239258,14934.90332,15016.166992,15101.724609,15164.119141,15209.202148,15235.102539,15257.814453,15271.589844,15233.673828,15202.103516,15164.575195,15120.329102,15068.714844,15008.414063,14941.397461,14866.582031
,,W06000021,"2 person (1 adult, 1 child) ",941.44281,930.768188,917.746094,907.896606,897.823303,890.483215,883.059814,875.825073,869.397095,863.187927,857.575623,853.254028,848.276001,843.354126,838.777283,834.742065,829.700378,825.822266,822.685974,820.716309,818.532471,815.75708,812.544861,809.445984,804.793884,799.980652
,,W06000021,3 person (No children) ,2708.904297,2730.773193,2759.751953,2775.118408,2787.663086,2794.892334,2801.884766,2802.641357,2797.00708,2791.671143,2782.476318,2770.031494,2757.633545,2741.338867,2725.36084,2706.748535,2688.859619,2669.272705,2647.703125,2625.859863,2605.740967,2588.096924,2572.345215,2558.640625,2548.611084,2539.780273
,,W06000021,"3 person (2 adults, 1 child) ",2615.031982,2597.000244,2576.982422,2557.07251,2539.204834,2527.386719,2513.340088,2502.156006,2490.807861,2480.043213,2470.130127,2459.098145,2443.680664,2431.733643,2419.390869,2410.775635,2400.730713,2390.62085,2380.510498,2371.049072,2361.218506,2349.840088,2338.245361,2328.085693,2318.845703,2307.622314
,,W06000021,"3 person (1 adult, 2 children) ",599.689819,598.83313,595.683899,595.309509,595.228333,596.215698,596.978455,598.872192,600.840698,602.356995,603.812195,605.804749,606.630249,607.771423,608.74176,610.493408,611.544861,612.788757,614.223572,616.680359,619.000427,620.858154,622.280945,623.556885,624.057556,624.048157
,,W06000021,4 person (No children) ,846.212036,863.536438,882.922729,895.635559,906.548096,914.351257,921.422302,925.949341,927.644958,928.989014,928.615479,927.423706,925.388489,923.570251,924.309387,924.97998,926.892761,928.763794,931.206909,931.823669,932.929688,934.252136,937.154419,940.641296,946.169678,951.398865
,,W06000021,"4 person (2+ adults, 1+ children) ",3965.60083,3917.599854,3860.109375,3812.94165,3771.376465,3732.035889,3692.658691,3661.045898,3630.393555,3603.50415,3581.923584,3560.131836,3538.39917,3519.887451,3499.991455,3482.602783,3463.070801,3444.49707,3427.041504,3412.577881,3398.085938,3381.98999,3365.98877,3349.214356,3330.595947,3311.914063
,,W06000021,"4 person (1 adult, 3 children) ",197.142242,197.815521,198.311539,199.42453,200.861618,202.296585,203.567047,205.28302,207.449722,209.009689,210.944183,212.767654,214.292206,215.640381,216.606262,217.602539,218.71759,219.563095,220.322174,221.283264,222.040497,222.722321,223.254532,223.622299,223.814255,223.791687
,,W06000021,5+ person (No children) ,214.193329,224.566635,235.671768,244.884094,252.990204,260.56543,267.743347,273.010071,277.727325,282.320679,285.451965,288.170746,291.604675,294.230469,297.87207,301.130157,304.6987,308.144836,312.162354,315.061646,317.977264,320.917542,324.099884,327.302856,330.893707,334.655914
,,W06000021,"5+ person (2+ adults, 1+ children) ",1964.324585,1940.569824,1913.184692,1890.67334,1869.699097,1847.896851,1827.727783,1809.774536,1792.054688,1776.877197,1763.625122,1750.619263,1737.968994,1726.281982,1714.374634,1702.257202,1688.961426,1676.852051,1665.018311,1654.634522,1644.22644,1633.549072,1622.650147,1611.504639,1599.616699,1588.185913
,,W06000021,"5+ person (1 adult, 4+ children) ",79.861397,80.321526,80.810257,81.825073,83.329605,84.859802,86.286156,88.007095,89.855118,90.941574,92.108971,93.189499,94.010307,94.776352,95.44352,96.078758,97.061646,97.9748,98.678154,99.53318,100.389534,101.219513,102.084351,103.032135,103.879929,104.554916
,Newport ,W06000022,All,62115.62323,62425.960724,62756.080505,63101.60141,63443.754028,63791.129807,64135.517349,64498.112396,64894.293488,65280.805756,65663.58728,66026.012131,66372.621323,66700.49234,67011.850052,67322.767151,67608.794098,67899.817642,68180.508622,68461.562013,68742.047713,69017.947938,69285.059036,69542.202194,69787.613663,70030.163864
,,W06000022,1 person ,19592.742188,19840.419922,20098.78125,20371.148438,20634.296875,20900.884766,21175.476563,21460.259766,21802.976563,22120.347656,22424.046875,22710.138672,22974.78125,23232.363281,23478.144531,23725.208984,23940.060547,24162.617188,24402.244141,24645.525391,24889.708984,25137.634766,25361.810547,25592.925781,25818.023438,26051.5
,,W06000022,2 person (No children) ,17646.386719,17674.263672,17710.457031,17750.683594,17790.035156,17825.193359,17833.921875,17854.994141,17855.566406,17871.451172,17905.257813,17933.154297,17971.929688,18006.048828,18033.972656,18063.818359,18096.410156,18131.232422,18137.916016,18131.882813,18126.800781,18107.841797,18106.662109,18076.189453,18039.287109,17992.375
,,W06000022,"2 person (1 adult, 1 child) ",2925.127197,2956.211914,2986.660645,3016.206299,3048.758789,3083.612305,3121.656982,3159.923828,3202.447998,3243.519043,3284.980469,3325.164551,3360.623291,3390.544189,3420.518311,3451.125244,3482.015381,3514.469238,3548.997803,3589.222168,3628.682861,3668.331055,3708.114258,3748.924561,3787.220459,3823.217041
,,W06000022,3 person (No children) ,4047.09375,4060.892822,4078.912354,4096.766113,4104.747559,4109.04248,4109.240723,4110.536621,4099.814453,4090.857178,4080.505859,4069.484375,4061.427979,4053.13501,4043.313721,4035.400635,4029.43042,4019.883057,4004.094971,3987.558838,3974.74585,3968.011963,3961.89624,3962.949951,3967.003174,3973.758545
,,W06000022,"3 person (2 adults, 1 child) ",4201.284668,4185.868652,4171.833984,4155.905762,4144.98291,4135.622559,4130.990723,4128.631836,4126.964355,4125.689453,4121.390137,4116.867676,4109.736816,4102.446777,4093.868896,4085.562256,4078.546143,4071.406006,4066.888916,4066.361572,4063.800537,4060.642822,4056.418213,4051.690674,4047.062256,4040.458008
,,W06000022,"3 person (1 adult, 2 children) ",1275.558594,1252.726807,1230.471069,1208.6698,1189.800903,1172.924316,1157.050903,1141.620972,1129.098999,1115.840332,1101.919678,1087.800293,1073.227417,1057.413696,1042.60498,1027.346436,1012.175842,997.914124,983.941834,972.022034,960.279541,948.185852,936.350159,925.138916,913.374512,901.811523
,,W06000022,4 person (No children) ,1450.859497,1474.949951,1499.927734,1524.361938,1544.130859,1560.349365,1574.661743,1586.991577,1594.379883,1603.039307,1614.988892,1628.456787,1642.183228,1659.12915,1675.455933,1693.212891,1713.566406,1731.458984,1749.846314,1766.81958,1784.568481,1804.865601,1824.726074,1845.203857,1865.950684,1886.076294
,,W06000022,"4 person (2+ adults, 1+ children) ",6035.101563,6020.766602,6004.914551,5987.427734,5977.300293,5972.268555,5977.857422,5981.231445,5989.046875,5996.348633,5998.848633,6003.929688,6007.489258,6007.219238,6007.963379,6004.079102,5998.90918,5993.805176,5989.711426,5987.824707,5982.557129,5974.779297,5965.976074,5959.166016,5952.181641,5944.621582
,,W06000022,"4 person (1 adult, 3 children) ",570.143738,568.675781,567.031677,565.959106,566.782043,568.845154,571.426208,574.361511,578.366943,581.641296,583.231567,584.274231,585.035645,584.062561,584.022583,583.635437,583.061707,583.150513,583.517212,584.326782,585.503601,586.156494,586.441467,586.849976,587.5401,587.922424
,,W06000022,5+ person (No children) ,514.409058,538.677551,561.466309,584.759827,605.916809,625.912354,645.238281,661.348999,675.474609,690.806396,709.194885,729.494751,751.231445,777.985962,805.049988,831.742981,858.839417,884.235779,909.569946,930.428284,950.724915,971.270691,990.90271,1010.696228,1030.92273,1052.890015
,,W06000022,"5+ person (2+ adults, 1+ children) ",3617.679443,3615.571289,3610.933594,3607.388428,3606.948242,3608.564209,3612.117432,3614.332764,3617.719971,3620.473389,3619.962646,3619.647705,3619.123291,3616.610107,3615.535156,3612.400391,3608.956787,3605.091797,3601.394287,3598.86792,3595.508545,3592.567871,3589.54834,3587.616699,3585.557861,3583.428711
,,W06000022,"5+ person (1 adult, 4+ children) ",239.236816,236.93576,234.690308,232.324371,230.053589,227.910385,225.878494,223.878937,222.436432,220.791901,219.259827,217.599106,215.832016,213.533539,211.399918,209.234436,206.822113,204.55336,202.385757,200.721924,199.166489,197.659729,196.212845,194.850082,193.4897,192.104721
