Region,GEOGRAPHY_CODE,LAD name,1997,1998,1999,2000,2001,2002,2003,2004,2005,2006,2007,2008,2009,2010,2011,2012,2013,2014,2015
North East,E06000001,Hartlepool,857,887,972,962,950,970,1038,1078,1157,1232,1271,1300,1328,1306,1299,1300,1517,1465,1459
North East,E06000004,Stockton-on-Tees,2246,2297,2513,2513,2490,2554,2786,3045,3236,3392,3484,3546,3553,3492,3601,3637,3588,3964,3946
North East,E06000002,Middlesbrough,1434,1469,1593,1618,1587,1681,1758,2063,2120,2236,2317,2356,2379,2418,2414,2347,2386,2496,2587
North East,E06000003,Redcar and Cleveland,1243,1280,1341,1371,1334,1404,1497,1713,1748,1797,1890,1965,1868,1911,1891,1914,2022,2046,2055
North East,E06000005,Darlington,1289,1316,1376,1417,1533,1669,1845,1928,1858,2049,2156,2206,2131,2300,2328,2337,2251,2450,2591
North East,E06000047,County Durham,4488,4544,4637,4812,4915,5181,5640,5930,6040,6674,6852,7101,7034,7263,7084,7393,7844,7875,8042
North East,E06000057,Northumberland,2983,2992,2905,3023,3102,3399,3629,3823,4037,4280,4363,4499,4319,4279,4396,4508,4672,4945,5029
North East,E08000037,Gateshead,2279,2366,2439,2492,2629,2837,3025,3231,3486,3649,3679,3751,3663,3639,3938,3910,3963,4177,4354
North East,E08000021,Newcastle upon Tyne,3755,3905,4061,4154,4563,4903,5182,5707,6175,6527,6654,6789,6442,6561,7006,7246,7232,7309,7683
North East,E08000022,North Tyneside,1843,1926,2009,2064,2212,2412,2553,2796,2984,3114,3121,3217,3156,3369,3395,3504,3610,3839,4055
North East,E08000023,South Tyneside,1133,1159,1188,1207,1275,1352,1443,1562,1693,1779,1807,1844,1783,1810,1901,1988,2061,2063,2132
North East,E08000024,Sunderland,3107,3198,3150,3320,3622,3890,4059,4377,4866,4906,4999,4924,4835,4702,4729,5024,5211,5590,5745
North West,E07000026,Allerdale,949,964,936,945,978,1028,1113,1155,1178,1328,1372,1532,1569,1637,1657,1741,1778,1858,1838
North West,E07000027,Barrow-in-Furness,753,766,722,736,748,788,851,887,880,1002,1058,1204,1274,1291,1321,1343,1430,1503,1601
North West,E07000029,Copeland,763,785,754,767,762,791,884,924,916,1041,1100,1356,1414,1462,1448,1496,1553,1667,1706
North West,E07000028,Carlisle,1222,1269,1252,1290,1324,1412,1592,1654,1715,1878,1962,2157,2036,2121,2016,2190,2427,2407,2403
North West,E07000030,Eden,656,680,668,697,712,765,877,914,957,1024,1051,1160,1024,1083,1045,1074,1104,1154,1189
North West,E07000031,South Lakeland,1231,1289,1287,1330,1395,1481,1663,1721,1765,1927,2019,2229,2028,2118,2090,2163,2257,2399,2462
North West,E08000003,Manchester,7057,7595,7993,8179,9035,9645,10124,11179,11710,12621,13213,13160,13586,13835,13666,14260,15474,16164,17030
North West,E08000006,Salford,2783,2963,3124,3198,3457,3644,3808,4215,4352,4658,4877,4945,5000,5058,5020,5236,5564,5703,5780
North West,E08000009,Trafford,3697,3923,4150,4251,4588,4851,5092,5442,5601,5905,6152,6183,6171,6355,6404,6515,6979,7268,7614
North West,E08000007,Stockport,3629,3804,4029,4150,4398,4606,4843,5227,5377,5650,5923,6009,6084,6117,6030,6191,6175,6094,6173
North West,E08000008,Tameside,2215,2307,2426,2504,2584,2676,2764,2937,3071,3186,3305,3389,3317,3257,3194,3274,3377,3366,3430
North West,E08000001,Bolton,2743,2863,2974,2935,3060,3191,3415,3555,3790,4037,4180,4216,4089,4130,4148,4266,4424,4555,4721
North West,E08000010,Wigan,2736,2845,2951,2936,3059,3187,3450,3547,3786,4014,4144,4195,3980,4160,4075,4299,4433,4535,4804
North West,E08000002,Bury,1769,1850,1930,1944,2034,2139,2356,2388,2556,2698,2790,2745,2685,2764,2822,2876,2995,3037,3139
North West,E08000004,Oldham,2116,2201,2283,2240,2337,2421,2563,2647,2808,2979,3062,3065,2938,2999,3101,3257,3387,3412,3569
North West,E08000005,Rochdale,1983,2062,2168,2146,2231,2332,2477,2570,2723,2870,2978,2946,2866,2867,2825,3012,3061,3242,3345
North West,E06000008,Blackburn with Darwen,1576,1623,1687,1696,1685,1750,1891,2052,2100,2128,2349,2429,2245,2234,2327,2425,2588,2652,2726
North West,E06000009,Blackpool,1445,1492,1591,1579,1579,1737,1727,1816,1932,2021,2007,1938,1966,2066,2066,2059,2112,2121,2146
North West,E07000121,Lancaster,1453,1497,1513,1524,1593,1644,1853,2034,2103,2204,2315,2357,2270,2257,2238,2346,2480,2577,2683
North West,E07000128,Wyre,1022,1040,1064,1079,1134,1191,1296,1399,1447,1483,1559,1594,1524,1560,1493,1494,1488,1553,1594
North West,E07000119,Fylde,1366,1375,1406,1478,1488,1555,1642,1774,1856,1893,1999,2007,1901,2016,1800,1908,2105,2147,2235
North West,E07000123,Preston,1758,1831,1874,1950,2071,2192,2389,2629,2765,2886,3086,3139,3203,3232,3089,3154,3248,3242,3422
North West,E07000124,Ribble Valley,1117,1132,1155,1125,1160,1206,1344,1393,1425,1419,1524,1627,1532,1546,1498,1523,1629,1607,1842
North West,E07000126,South Ribble,1297,1336,1358,1410,1468,1582,1696,1806,1855,1905,2028,2064,2098,2115,2397,2423,2520,2644,2768
North West,E07000117,Burnley,933,958,974,991,1014,1024,1105,1176,1234,1281,1360,1350,1272,1339,1354,1435,1459,1568,1616
North West,E07000120,Hyndburn,807,822,840,861,879,906,951,1042,1096,1114,1188,1176,1102,1079,1119,1192,1230,1266,1283
North West,E07000122,Pendle,1019,1034,1046,1084,1096,1116,1197,1258,1320,1355,1431,1380,1282,1292,1297,1426,1487,1439,1432
North West,E07000125,Rossendale,693,711,719,742,757,792,861,922,966,968,1029,1019,951,969,962,1001,1067,1126,1185
North West,E07000118,Chorley,1004,1041,1058,1109,1165,1266,1385,1478,1522,1573,1659,1668,1627,1650,1651,1680,1696,1768,1793
North West,E07000127,West Lancashire,1395,1410,1435,1458,1518,1592,1711,1842,1890,1927,2023,2030,1945,1967,1961,2068,2135,2211,2289
North West,E06000007,Warrington,2987,3181,3304,3482,3889,4118,4338,4325,4768,5315,5414,5422,5337,5592,5520,6038,5942,6411,6505
North West,E06000049,Cheshire East,5550,5703,5944,5826,6679,7051,7277,7592,8042,8714,9118,9492,9276,9300,9432,10236,11384,11684,12130
North West,E06000050,Cheshire West and Chester,4686,4841,5135,5037,5695,6009,6274,6575,7026,7614,8014,8269,8202,8053,7880,8175,8181,8575,8966
North West,E06000006,Halton,1539,1607,1684,1732,1920,1971,2113,2190,2283,2438,2495,2687,2616,2883,3006,2858,3050,3266,3380
North West,E08000011,Knowsley,1523,1601,1681,1744,1890,1958,2104,2170,2301,2428,2506,2666,2617,2826,2855,2737,3106,3419,3652
North West,E08000013,St. Helens,1503,1601,1680,1766,1913,2033,2165,2295,2425,2607,2681,2762,2683,2729,2732,2716,2642,2789,2810
North West,E08000012,Liverpool,5440,5855,6197,6482,6562,7066,7719,8027,8382,9420,9541,9908,10837,10435,10019,9961,10093,10613,10907
North West,E08000014,Sefton,2799,2908,3063,3113,3232,3532,3513,3843,3787,4058,4042,4092,4028,3990,3901,3793,3885,3915,4042
North West,E08000015,Wirral,2904,3042,3093,3132,3217,3456,3735,3785,3883,4097,4119,4300,4059,4088,4271,4056,4274,4427,4661
Yorkshire and The Humber,E06000010,"Kingston upon Hull, City of",2931,2947,2948,3226,3258,3499,3870,4109,4255,4518,4803,4713,4917,4669,4772,4913,5029,5004,5129
Yorkshire and The Humber,E06000011,East Riding of Yorkshire,3549,3595,3519,3683,3903,4230,4447,5033,5064,5230,5381,5519,5653,5521,5379,5712,5833,5815,5990
Yorkshire and The Humber,E06000012,North East Lincolnshire,1841,1904,1820,1792,1893,2033,2172,2298,2494,2585,2858,2798,2980,2771,2836,2809,2917,3253,3267
Yorkshire and The Humber,E06000013,North Lincolnshire,2557,2633,2449,2413,2500,2737,2953,2925,3174,3331,3699,3620,3969,3727,3751,3573,3251,3409,3415
Yorkshire and The Humber,E06000014,York,2856,2918,2953,3129,3332,3704,3979,4317,4274,4383,4654,4553,4491,4499,4638,4758,4922,4907,5068
Yorkshire and The Humber,E07000163,Craven,773,776,788,810,826,945,1044,1117,1180,1222,1332,1352,1311,1225,1259,1279,1327,1410,1488
Yorkshire and The Humber,E07000164,Hambleton,1113,1125,1129,1197,1265,1408,1520,1584,1647,1704,1782,1851,1738,1769,1865,1862,1988,2045,2082
Yorkshire and The Humber,E07000165,Harrogate,1996,2059,2158,2259,2347,2656,2903,3017,3129,3267,3487,3522,3293,3512,3558,3544,3781,3760,3828
Yorkshire and The Humber,E07000166,Richmondshire,502,508,522,537,546,611,666,714,726,761,794,824,772,852,837,916,900,976,958
Yorkshire and The Humber,E07000167,Ryedale,606,608,631,666,695,773,839,871,915,951,989,1010,948,996,1009,1037,1107,1222,1229
Yorkshire and The Humber,E07000168,Scarborough,1189,1198,1192,1253,1283,1437,1557,1673,1739,1782,1849,1933,1826,1861,1905,1908,2044,2068,2098
Yorkshire and The Humber,E07000169,Selby,1163,1156,1116,1213,1263,1350,1405,1409,1511,1630,1644,1627,1617,1619,1689,1793,1881,1816,1879
Yorkshire and The Humber,E08000016,Barnsley,1893,1977,1923,1996,2053,2215,2428,2648,2755,2905,3111,3038,2897,3029,3079,3131,3300,3448,3499
Yorkshire and The Humber,E08000017,Doncaster,2556,2730,2701,2839,2944,3225,3541,3870,4004,4265,4543,4449,4261,4492,4437,4508,4646,4873,5148
Yorkshire and The Humber,E08000018,Rotherham,2339,2460,2409,2544,2641,2880,3129,3371,3541,3750,4004,3861,3722,3859,3897,3958,4069,4239,4369
Yorkshire and The Humber,E08000019,Sheffield,6113,6475,6376,6572,7077,7694,8002,8571,8949,9384,10138,10126,10160,10254,10382,10740,10862,11038,11300
Yorkshire and The Humber,E08000032,Bradford,5359,5559,5887,6003,6088,6428,6754,6962,7216,7906,8404,8528,8593,8226,8366,8623,9041,9165,9504
Yorkshire and The Humber,E08000035,Leeds,10686,11202,11672,12115,12775,13548,14623,15690,16902,17755,18482,19035,18547,18496,19051,19088,19788,20338,21260
Yorkshire and The Humber,E08000033,Calderdale,2392,2451,2477,2510,2565,2648,2960,3245,3482,3587,3733,3835,3719,3888,3913,4027,4176,4216,4366
Yorkshire and The Humber,E08000034,Kirklees,4112,4284,4427,4497,4603,4716,5181,5520,5776,6021,6247,6384,6159,6241,6473,6781,6789,7041,7207
Yorkshire and The Humber,E08000036,Wakefield,3502,3642,3821,3890,3981,4166,4598,4875,5080,5309,5528,5656,5508,5776,5835,6181,6456,6504,6621
East Midlands,E06000015,Derby,3495,3533,3879,4006,4163,4365,4353,4684,5141,5285,5434,5568,5417,5709,5970,6242,6629,6723,6932
East Midlands,E07000033,Bolsover,686,706,714,714,736,787,860,878,934,1002,1049,1066,1014,1033,1224,1248,1387,1413,1525
East Midlands,E07000034,Chesterfield,966,998,1046,1057,1127,1218,1332,1379,1489,1607,1685,1695,1652,1746,1876,1961,2020,2072,2150
East Midlands,E07000038,North East Derbyshire,792,815,841,845,870,932,999,1025,1110,1179,1226,1221,1146,1206,1318,1321,1331,1443,1487
East Midlands,E07000032,Amber Valley,1493,1510,1543,1477,1556,1611,1751,1890,1997,2137,2164,2164,1962,2132,2223,2287,2463,2500,2542
East Midlands,E07000039,South Derbyshire,960,958,981,935,968,1010,1084,1168,1239,1302,1315,1330,1195,1333,1435,1529,1712,1655,1643
East Midlands,E07000035,Derbyshire Dales,946,974,1008,972,1057,1099,1179,1255,1327,1416,1441,1449,1337,1491,1544,1592,1617,1625,1594
East Midlands,E07000036,Erewash,1122,1127,1146,1086,1163,1210,1303,1402,1486,1579,1597,1602,1462,1561,1686,1725,1792,1827,1830
East Midlands,E07000037,High Peak,969,968,991,954,1015,1047,1115,1230,1286,1355,1380,1406,1256,1367,1515,1518,1565,1600,1607
East Midlands,E06000018,Nottingham,5095,5260,5030,5170,5541,5713,5854,6399,6809,6780,7062,7455,7546,7785,7922,8011,7942,8512,8816
East Midlands,E07000170,Ashfield,1159,1201,1255,1283,1283,1323,1417,1494,1636,1742,1837,1883,1762,1870,2006,2046,2073,2171,2190
East Midlands,E07000171,Bassetlaw,1178,1207,1255,1292,1314,1348,1443,1532,1655,1760,1840,1897,1790,1839,2029,2030,2033,2091,2142
East Midlands,E07000174,Mansfield,855,891,922,941,980,1033,1108,1168,1319,1394,1491,1530,1448,1482,1496,1503,1501,1587,1597
East Midlands,E07000175,Newark and Sherwood,1173,1230,1267,1319,1356,1431,1545,1618,1745,1850,1906,1980,1847,1935,2117,2087,2093,2220,2218
East Midlands,E07000172,Broxtowe,1090,1104,1190,1268,1298,1372,1434,1444,1662,1752,1771,1742,1697,1632,1735,1806,1972,1918,1983
East Midlands,E07000173,Gedling,927,936,1006,1067,1107,1187,1231,1210,1367,1452,1459,1443,1425,1387,1403,1443,1557,1619,1674
East Midlands,E07000176,Rushcliffe,1192,1206,1298,1386,1425,1521,1562,1532,1737,1831,1887,1855,1845,1846,1776,1887,1968,2158,2160
East Midlands,E06000016,Leicester,3967,4097,4190,4301,4458,4764,5128,5325,5518,5840,5887,5998,5923,6030,6217,6573,6725,7113,7473
East Midlands,E07000129,Blaby,1265,1292,1229,1340,1408,1473,1630,1768,1932,2093,2310,2203,2167,2115,2178,2296,2447,2627,2640
East Midlands,E07000130,Charnwood,1845,1871,1785,1877,1968,2037,2250,2341,2470,2648,2823,2872,2768,2860,2790,2903,2986,3236,3220
East Midlands,E07000131,Harborough,1084,1123,1093,1134,1187,1253,1394,1424,1506,1631,1759,1764,1688,1795,1796,1820,1891,2066,2122
East Midlands,E07000132,Hinckley and Bosworth,1245,1263,1210,1280,1323,1359,1512,1558,1707,1788,1939,1921,1919,1960,1985,2117,2199,2413,2330
East Midlands,E07000133,Melton,787,763,697,752,803,811,850,931,938,973,1010,1064,998,1051,1078,1108,1179,1202,1242
East Midlands,E07000134,North West Leicestershire,1448,1482,1395,1505,1575,1625,1790,1866,1983,2110,2268,2246,2148,2253,2240,2397,2513,2773,2937
East Midlands,E07000135,Oadby and Wigston,590,603,577,607,627,638,714,732,772,817,857,875,837,875,879,860,836,872,890
East Midlands,E06000017,Rutland,457,469,452,480,499,518,565,593,621,671,702,734,694,752,736,728,720,763,804
East Midlands,E07000151,Daventry,1191,1195,1207,1313,1349,1403,1424,1505,1518,1607,1702,1821,1664,1782,1810,1844,1956,2023,2012
East Midlands,E07000154,Northampton,3014,3125,3338,3561,3623,3678,4078,4270,4519,4845,5352,5352,5207,5486,5368,5573,5890,6065,5873
East Midlands,E07000155,South Northamptonshire,890,930,1024,1121,1121,1134,1238,1237,1259,1340,1430,1487,1387,1528,1504,1605,1688,1812,1858
East Midlands,E07000150,Corby,768,777,807,844,866,897,962,986,1028,1098,1188,1260,1177,1277,1246,1221,1366,1373,1379
East Midlands,E07000152,East Northamptonshire,812,840,888,950,956,985,1069,1128,1179,1208,1306,1345,1244,1358,1351,1288,1305,1240,1282
East Midlands,E07000153,Kettering,1094,1115,1197,1237,1284,1334,1423,1495,1545,1667,1818,1907,1795,1857,1886,1877,1745,1763,1851
East Midlands,E07000156,Wellingborough,795,816,880,938,956,984,1062,1102,1170,1262,1379,1415,1382,1399,1397,1424,1869,1991,2015
East Midlands,E07000136,Boston,692,721,712,733,801,846,922,910,934,992,1037,1088,1043,1123,1156,1235,1342,1425,1435
East Midlands,E07000137,East Lindsey,1260,1292,1268,1317,1434,1517,1659,1653,1716,1823,1900,1975,1873,1930,2048,2095,2167,2163,2233
East Midlands,E07000138,Lincoln,1188,1216,1225,1263,1420,1504,1673,1642,1749,1896,2009,2087,2042,2098,2060,2119,2285,2416,2398
East Midlands,E07000139,North Kesteven,1314,1395,1342,1386,1459,1482,1630,1596,1568,1658,1744,1877,1711,1828,1823,1865,1869,2001,1986
East Midlands,E07000140,South Holland,928,945,931,978,1054,1109,1237,1176,1236,1299,1360,1416,1335,1412,1478,1558,1609,1650,1714
East Midlands,E07000141,South Kesteven,1330,1354,1369,1404,1557,1651,1827,1779,1893,2016,2116,2187,2097,2177,2249,2333,2491,2585,2659
East Midlands,E07000142,West Lindsey,733,754,741,760,821,880,965,972,1003,1073,1123,1163,1101,1165,1206,1199,1301,1439,1444
West Midlands,E06000019,"Herefordshire, County of",2045,2044,2226,2331,2360,2423,2673,2801,2938,3140,3225,3393,3144,3252,3405,3609,3636,3820,3883
West Midlands,E07000234,Bromsgrove,916,1013,1173,1256,1255,1265,1408,1561,1550,1655,1602,1617,1539,1523,1601,1699,1706,1844,1918
West Midlands,E07000235,Malvern Hills,732,805,925,983,981,997,1095,1206,1196,1279,1259,1258,1185,1252,1247,1306,1349,1437,1436
West Midlands,E07000236,Redditch,921,975,1098,1182,1137,1097,1230,1399,1353,1466,1452,1457,1393,1435,1519,1575,1614,1695,1770
West Midlands,E07000237,Worcester,1238,1325,1484,1595,1561,1553,1748,1969,1957,2098,2073,2090,2000,2095,2199,2276,2427,2517,2544
West Midlands,E07000238,Wychavon,1280,1386,1579,1708,1707,1668,1851,2047,1995,2145,2126,2131,2016,2133,2221,2294,2380,2485,2558
West Midlands,E07000239,Wyre Forest,814,882,1000,1045,1042,1030,1159,1288,1264,1352,1333,1343,1298,1342,1370,1436,1446,1538,1570
West Midlands,E07000218,North Warwickshire,1217,1237,1277,1258,1277,1355,1386,1416,1506,1625,1632,1678,1557,1670,1771,1887,1924,2159,2229
West Midlands,E07000219,Nuneaton and Bedworth,1096,1116,1168,1184,1210,1246,1267,1347,1456,1562,1596,1668,1603,1653,1782,1811,2034,2011,2000
West Midlands,E07000220,Rugby,1127,1170,1245,1265,1297,1380,1390,1466,1601,1744,1787,1879,1806,1918,1991,2113,2147,2243,2222
West Midlands,E07000221,Stratford-on-Avon,1789,1825,1926,1950,2034,2134,2171,2238,2470,2703,2786,2871,2706,2881,2963,3166,3534,3938,3959
West Midlands,E07000222,Warwick,2425,2514,2767,2578,2602,2877,3231,3305,3451,3808,3881,3927,3898,3967,3969,4305,4740,4759,4710
West Midlands,E06000020,Telford and Wrekin,2310,2415,2389,2334,2398,2619,2685,2858,2949,3133,3237,3303,3051,3112,3291,3529,3526,3564,3633
West Midlands,E06000051,Shropshire,3184,3333,3520,3521,3628,3971,4406,4726,4809,4847,5053,5376,5292,5398,5552,5667,5902,6000,6009
West Midlands,E06000021,Stoke-on-Trent,2993,3095,3091,3111,3045,3052,3339,3500,3587,3782,3796,3948,3842,4141,4308,4542,4672,4765,4763
West Midlands,E07000192,Cannock Chase,914,986,987,1030,1082,1154,1183,1271,1346,1440,1470,1474,1394,1390,1419,1436,1505,1633,1588
West Midlands,E07000193,East Staffordshire,1721,1797,1793,1807,1872,2002,2059,2218,2351,2393,2520,2608,2350,2561,2668,2536,2559,2620,2667
West Midlands,E07000194,Lichfield,1142,1219,1249,1278,1335,1446,1515,1623,1683,1792,1859,1917,1778,1805,1845,1842,1904,2089,2177
West Midlands,E07000195,Newcastle-under-Lyme,1150,1226,1239,1254,1308,1399,1473,1609,1726,1795,1863,1923,1816,1846,1884,1913,1907,1899,1909
West Midlands,E07000196,South Staffordshire,1022,1071,1077,1092,1131,1228,1273,1340,1380,1457,1507,1543,1421,1520,1504,1518,1564,1617,1666
West Midlands,E07000197,Stafford,1623,1672,1671,1727,1785,1909,1986,2114,2209,2342,2420,2507,2346,2391,2425,2408,2505,2517,2470
West Midlands,E07000198,Staffordshire Moorlands,971,1028,1035,1028,1052,1109,1151,1264,1325,1444,1476,1484,1434,1442,1387,1382,1449,1509,1458
West Midlands,E07000199,Tamworth,713,764,771,789,826,875,912,994,1048,1115,1144,1164,1102,1142,1141,1205,1221,1280,1290
West Midlands,E08000025,Birmingham,13415,14335,14940,15205,16188,16478,17577,18027,18897,19420,20552,20743,20366,20795,21424,21762,22644,23583,24790
West Midlands,E08000029,Solihull,3500,3631,3723,3703,3847,4162,4543,4594,4878,5166,5405,5133,4959,5082,5089,5572,5690,6169,6672
West Midlands,E08000026,Coventry,4610,4657,4884,4991,5087,5315,5532,5769,6121,6115,6102,6000,5837,6095,6231,6639,7082,7567,7655
West Midlands,E08000027,Dudley,3376,3510,3581,3696,3760,4065,4039,4224,4426,4625,4766,4728,4388,4414,4453,4581,4601,4837,4988
West Midlands,E08000028,Sandwell,3648,3789,3700,3847,3874,4117,4141,4324,4472,4756,5003,4951,4743,4917,4940,5306,5370,5775,5847
West Midlands,E08000030,Walsall,2744,2893,2969,3065,3061,3138,3146,3437,3597,3697,3732,3729,3599,3815,3994,4100,4245,4579,4765
West Midlands,E08000031,Wolverhampton,2987,3124,3265,3365,3418,3525,3543,3852,4061,4195,4237,4208,4076,4336,4449,4588,4547,4697,4625
East of England,E06000031,Peterborough,2592,2646,2790,2804,2901,3087,3345,3634,3784,4235,4453,4374,4394,4519,4527,4796,4976,5219,5382
East of England,E07000008,Cambridge,2232,2352,2559,2758,2926,3005,3199,3364,3671,4100,4340,4389,4247,4457,4603,5031,5189,5672,5917
East of England,E07000009,East Cambridgeshire,891,920,943,1021,1088,1124,1178,1209,1250,1365,1420,1488,1403,1509,1627,1681,1722,1851,1921
East of England,E07000010,Fenland,1182,1205,1186,1254,1328,1369,1450,1507,1535,1692,1758,1875,1726,1867,2001,2071,2123,2168,2225
East of England,E07000011,Huntingdonshire,1996,2080,2205,2359,2501,2573,2700,2829,3003,3337,3470,3537,3443,3597,3679,3911,4098,4239,4416
East of England,E07000012,South Cambridgeshire,2041,2128,2222,2430,2616,2650,2740,2808,2979,3290,3451,3541,3381,3503,3718,3738,3864,4095,4354
East of England,E07000200,Babergh,1097,1084,1066,1167,1207,1267,1309,1337,1348,1431,1453,1539,1450,1565,1619,1684,1733,1826,1885
East of England,E07000201,Forest Heath,808,813,811,894,921,936,1009,1035,1047,1102,1137,1216,1139,1200,1185,1193,1220,1294,1340
East of England,E07000202,Ipswich,1727,1764,1746,1918,2020,2080,2310,2502,2594,2908,2979,3025,2954,2954,2975,3013,3213,3294,3345
East of England,E07000205,Suffolk Coastal,1729,1765,1783,1959,2071,2107,2270,2293,2337,2550,2586,2685,2488,2580,2655,2751,2785,3106,3046
East of England,E07000206,Waveney,1369,1367,1325,1456,1516,1587,1678,1738,1768,1909,1940,2043,1960,1996,2034,2054,2164,2169,2215
East of England,E07000203,Mid Suffolk,1109,1127,1120,1239,1269,1344,1406,1468,1477,1588,1620,1704,1620,1710,1747,1792,1884,1944,2029
East of England,E07000204,St Edmundsbury,1580,1603,1566,1727,1820,1910,2016,2083,2126,2325,2357,2434,2333,2474,2628,2633,2886,2964,3040
East of England,E07000144,Broadland,1590,1670,1696,1735,1764,1832,1988,2125,2327,2554,2532,2481,2545,2498,2434,2485,2586,2608,2684
East of England,E07000145,Great Yarmouth,1025,1054,1117,1157,1218,1271,1370,1476,1564,1647,1649,1671,1663,1656,1692,1805,1831,1895,1908
East of England,E07000148,Norwich,1912,1994,2097,2182,2299,2402,2620,2810,3045,3327,3307,3272,3297,3236,3264,3483,3636,3759,3907
East of England,E07000147,North Norfolk,1127,1158,1214,1261,1332,1407,1495,1552,1611,1652,1655,1741,1619,1635,1678,1707,1791,1866,1865
East of England,E07000146,King's Lynn and West Norfolk,1584,1616,1713,1790,1875,1949,2093,2187,2258,2342,2350,2477,2392,2428,2480,2585,2680,2739,2877
East of England,E07000143,Breckland,1389,1431,1476,1560,1606,1660,1785,1845,1885,1961,1977,2114,2090,2170,2234,2391,2401,2628,2677
East of England,E07000149,South Norfolk,1180,1204,1308,1366,1460,1516,1622,1698,1768,1909,1912,1992,1961,2085,2326,2440,2460,2530,2627
East of England,E06000032,Luton,2549,2649,2853,2938,3144,3278,3450,3391,3745,4150,4534,4849,4483,4295,4228,4221,4422,4665,4888
East of England,E07000095,Broxbourne,1294,1388,1456,1570,1603,1660,1752,1777,1902,1896,1932,2111,2019,2039,2094,2171,2283,2358,2249
East of England,E07000096,Dacorum,2013,2174,2336,2499,2576,2691,2856,2932,3073,3103,3151,3412,3242,3274,3189,3380,3835,3867,4013
East of England,E07000242,East Hertfordshire,2051,2177,2325,2495,2575,2640,2787,2815,3043,3045,3068,3433,3244,3183,3239,3320,3577,3683,3652
East of England,E07000098,Hertsmere,1577,1714,1832,1937,1991,2096,2195,2250,2430,2448,2511,2688,2591,2612,2690,2866,2926,3116,3252
East of England,E07000099,North Hertfordshire,1812,1939,2054,2219,2264,2344,2485,2482,2687,2735,2746,2999,2846,2910,2862,2969,3232,3277,3409
East of England,E07000243,Stevenage,1410,1512,1633,1743,1750,1817,1895,1910,2076,2084,2121,2347,2245,2181,2154,2240,2347,2360,2406
East of England,E07000102,Three Rivers,1434,1550,1663,1742,1815,1914,2055,2087,2173,2178,2230,2383,2233,2304,2265,2370,2374,2861,3005
East of England,E07000103,Watford,1684,1843,1967,2148,2248,2343,2461,2543,2642,2683,2748,2962,2824,2899,2887,3002,3348,3629,3836
East of England,E07000240,St Albans,2283,2458,2603,2829,2886,2994,3147,3192,3421,3462,3562,3885,3762,3812,3764,3838,4017,4157,4251
East of England,E07000241,Welwyn Hatfield,2073,2243,2386,2576,2632,2794,2895,2978,3157,3215,3281,3527,3431,3497,3502,3530,3690,3925,3791
East of England,E06000055,Bedford,1964,2070,2077,2216,2302,2450,2664,2795,2893,2979,3159,3178,3182,3223,3325,3314,3460,3658,3842
East of England,E06000056,Central Bedfordshire,2886,3058,3050,3259,3383,3600,3813,3970,4129,4231,4496,4560,4306,4360,4550,4771,5250,5487,5342
East of England,E06000033,Southend-on-Sea,1877,1945,1997,2128,2207,2382,2487,2529,2502,2643,2758,2857,2845,2877,2827,2860,2945,3121,3132
East of England,E06000034,Thurrock,2141,2257,2120,2126,2171,2309,2628,2828,2722,2872,2731,2742,2877,2765,3000,2692,2939,3163,3270
East of England,E07000067,Braintree,1634,1695,1696,1821,1914,2029,2209,2234,2304,2443,2578,2577,2375,2539,2597,2607,2669,2952,3071
East of England,E07000071,Colchester,2023,2111,2136,2293,2470,2607,2903,2981,3112,3344,3530,3444,3298,3499,3559,3640,3734,3960,3958
East of England,E07000076,Tendring,1163,1202,1226,1320,1426,1490,1659,1687,1742,1852,1952,1969,1812,1914,1920,1958,2084,2114,2161
East of England,E07000072,Epping Forest,1489,1545,1591,1708,1862,1968,2159,2122,2213,2351,2501,2589,2383,2571,2624,2640,2706,2990,3126
East of England,E07000073,Harlow,1045,1072,1066,1155,1218,1263,1375,1413,1464,1555,1636,1655,1575,1678,1639,1673,1741,1873,1937
East of England,E07000077,Uttlesford,1164,1199,1216,1314,1417,1481,1611,1619,1681,1777,1852,1901,1778,1892,1908,1945,2034,2351,2404
East of England,E07000068,Brentwood,1177,1213,1223,1308,1415,1478,1672,1672,1766,1892,2026,1937,1998,1802,1867,1891,2046,2107,2240
East of England,E07000070,Chelmsford,2123,2188,2248,2410,2608,2740,3028,3076,3188,3419,3604,3672,3688,3880,3913,3935,4095,4198,4342
East of England,E07000074,Maldon,680,705,709,765,807,843,902,911,934,992,1018,1074,998,1064,1079,1109,1122,1199,1212
East of England,E07000066,Basildon,2353,2432,2412,2594,2759,2886,3197,3245,3378,3610,3835,3840,3643,3734,3795,3871,4095,4263,4481
East of England,E07000069,Castle Point,680,697,714,775,839,884,974,980,1011,1064,1122,1159,1076,1114,1118,1191,1217,1245,1295
East of England,E07000075,Rochford,745,766,771,837,904,940,1035,1033,1068,1125,1177,1210,1130,1171,1188,1220,1264,1357,1423
London,E09000001,City of London,13617,13930,14106,15711,16322,17482,19725,22224,26456,28510,32829,32278,35375,37488,39019,39858,41648,45940,46718
London,E09000007,Camden,9987,10915,11449,12647,13267,13798,14383,15104,16143,16609,18219,19178,19557,19668,21242,22109,23389,25781,26443
London,E09000033,Westminster,19832,21173,22297,24482,25777,26699,28153,29625,32330,33347,36596,39113,40317,41391,43998,45264,47439,52682,53573
London,E09000013,Hammersmith and Fulham,4497,4983,5348,5877,6136,6283,6558,6853,7251,7380,8051,8572,8327,8830,9144,9231,9544,9687,9945
London,E09000020,Kensington and Chelsea,4808,5118,5392,5942,6161,6247,6359,6699,7068,7397,8145,8662,8494,8796,9455,10093,10242,11023,11101
London,E09000032,Wandsworth,4631,4900,5221,5717,5952,6164,6273,6502,6997,7334,7925,8273,7990,7956,8513,8880,9148,9331,9504
London,E09000012,Hackney,3227,3453,3677,4036,4209,4329,4522,4791,5152,5357,5748,5735,5827,6165,6763,6989,7131,7122,7255
London,E09000025,Newham,2766,2889,2990,3309,3479,3628,3786,3954,4204,4368,4709,4802,4940,4977,5335,5893,5971,6318,6498
London,E09000030,Tower Hamlets,9259,9512,9668,10734,11144,11757,12949,14575,16920,17985,20492,20089,20811,20097,23580,23218,24398,26997,28973
London,E09000014,Haringey,2739,2869,3016,3246,3406,3472,3524,3671,3907,3994,4262,4455,4273,4518,4715,4964,4989,5613,5788
London,E09000019,Islington,7096,7739,8207,9149,9533,9856,10428,11066,12053,12488,13816,14611,14182,14523,15147,15282,15911,16355,17043
London,E09000023,Lewisham,2346,2463,2569,2804,2988,3056,3168,3263,3469,3610,3828,3924,3784,4058,4174,4446,4584,4737,4909
London,E09000028,Southwark,6053,6538,6959,7742,8063,8318,8767,9250,9976,10317,11228,11749,11433,12362,13120,13767,13726,14101,14935
London,E09000022,Lambeth,4282,4621,4896,5440,5687,5832,6071,6388,6798,6987,7677,8509,8418,8510,9038,9580,9645,10780,11265
London,E09000004,Bexley,2628,2783,2902,3053,3139,3226,3353,3426,3591,3822,3986,4023,3956,4014,4163,4442,4663,4915,5147
London,E09000011,Greenwich,2302,2434,2584,2732,2783,2879,3006,3128,3302,3503,3678,3795,3738,3844,4048,4187,4356,4368,4641
London,E09000002,Barking and Dagenham,1873,1933,2012,2051,2075,2126,2170,2245,2324,2428,2519,2615,2477,2732,2865,2985,3063,3180,3336
London,E09000016,Havering,2708,2872,2990,3157,3215,3321,3515,3618,3774,3960,4164,4321,4153,4194,4353,4697,4727,4856,5059
London,E09000026,Redbridge,2672,2830,2974,3154,3251,3403,3570,3692,3862,4080,4180,4349,4048,4103,4288,4665,4778,4903,5127
London,E09000031,Waltham Forest,2152,2265,2359,2476,2575,2685,2795,2883,3012,3202,3312,3419,3218,3331,3566,3929,4148,4415,4559
London,E09000010,Enfield,3650,3843,4005,4207,4278,4427,4634,4773,4993,5274,5574,5631,5475,5640,5817,6169,6158,6331,6599
London,E09000006,Bromley,4398,4715,4939,5209,5308,5500,5787,5986,6230,6585,6863,6467,6319,6122,6187,6497,6532,6981,7117
London,E09000008,Croydon,4602,4900,5130,5433,5484,5761,6084,6288,6543,6908,7293,7427,6795,6744,6631,6773,6715,7182,7384
London,E09000021,Kingston upon Thames,2415,2622,2804,3001,3026,3140,3290,3391,3507,3702,3940,4141,3977,4071,4154,4357,4195,4537,4826
London,E09000024,Merton,2506,2670,2864,3023,3054,3152,3264,3353,3471,3656,3839,4032,3810,4043,4279,4544,4967,5047,5043
London,E09000029,Sutton,2227,2376,2495,2687,2714,2824,2952,3029,3177,3342,3541,3680,3470,3657,3796,3980,3928,4133,4213
London,E09000003,Barnet,4483,4757,5043,5381,5410,5621,5865,5995,6229,6563,6880,7301,7240,7395,7679,8035,8240,9025,9401
London,E09000005,Brent,3943,4192,4434,4737,4753,4898,4988,5087,5408,5551,5766,6121,5907,6116,6421,7097,7272,7718,7980
London,E09000009,Ealing,4737,5076,5410,5678,5709,5858,6044,6160,6369,6580,6849,6973,6509,6718,7465,7960,8227,8737,9079
London,E09000015,Harrow,2793,3006,3188,3389,3403,3585,3753,3798,3940,4118,4354,4458,4159,4294,4339,4730,4910,5318,5475
London,E09000017,Hillingdon,6390,6902,7371,7750,7763,7963,8359,8571,8908,9056,9438,9747,8996,9338,9600,10198,10875,12414,12298
London,E09000018,Hounslow,4185,4620,4966,5318,5282,5551,5826,5966,6183,6420,6749,7341,7078,7247,7500,8529,8838,9724,10541
London,E09000027,Richmond upon Thames,3067,3287,3528,3736,3759,3802,3903,4019,4145,4393,4625,4842,4615,4802,5184,5394,6020,6391,6649
South East,E06000036,Bracknell Forest,1795,1957,2153,2299,2366,2539,2648,2666,2842,2959,3097,3184,3048,3226,3317,3348,3555,3695,3818
South East,E06000037,West Berkshire,3763,4028,4376,4542,4561,4963,5163,5176,5651,5815,5997,6178,5984,6169,6397,6713,6474,6909,7136
South East,E06000038,Reading,3407,3647,3924,4132,4272,4618,4909,4936,5412,5570,5873,5802,5561,5637,5926,6127,5946,6326,6679
South East,E06000039,Slough,3444,3705,3984,4151,4148,4539,4800,4784,5228,5388,5530,5673,5408,5548,5924,6051,6358,6355,6528
South East,E06000040,Windsor and Maidenhead,2800,3054,3322,3505,3586,3831,4034,3991,4327,4429,4678,4808,4502,4535,4834,4999,5567,5631,5851
South East,E06000041,Wokingham,2685,2933,3228,3418,3434,3715,3892,3925,4232,4364,4514,4620,4532,4635,4847,5031,5301,5492,5834
South East,E06000042,Milton Keynes,4223,4445,4673,5041,5365,5860,6456,6524,6551,6924,7625,8069,7812,8422,8892,9181,9658,10454,10884
South East,E07000004,Aylesbury Vale,2588,2726,2749,2972,2992,3056,3203,3421,3486,3590,3738,3949,3917,3920,3979,4239,4316,4553,4643
South East,E07000005,Chiltern,1418,1544,1585,1729,1781,1767,1837,1937,1924,1992,2062,2232,2132,2118,2184,2283,2372,2463,2568
South East,E07000006,South Bucks,1306,1406,1439,1562,1568,1596,1688,1752,1741,1822,1917,2006,1947,2035,2059,2190,2420,2481,2511
South East,E07000007,Wycombe,3043,3275,3332,3646,3657,3704,3884,4073,4126,4223,4407,4610,4513,4720,4832,5051,5175,5383,5509
South East,E07000177,Cherwell,2154,2293,2485,2653,2734,2943,3148,3134,3337,3342,3504,3626,3625,3611,3749,4010,4186,4373,4535
South East,E07000178,Oxford,2704,2866,3055,3268,3443,3779,4090,4166,4361,4482,4673,4905,4955,5069,5272,5459,5663,6168,6549
South East,E07000179,South Oxfordshire,1678,1808,1982,2106,2153,2300,2444,2423,2533,2621,2775,2832,2840,2989,3136,3259,3547,3687,3859
South East,E07000180,Vale of White Horse,1734,1883,2019,2176,2245,2400,2548,2523,2662,2711,2919,2980,2934,3089,3208,3331,3481,3761,4032
South East,E07000181,West Oxfordshire,1484,1551,1663,1757,1774,1902,2026,2031,2136,2173,2267,2368,2273,2391,2546,2621,2715,2789,2912
South East,E06000043,Brighton and Hove,3321,3435,3492,3771,4175,4537,4733,4727,4989,5223,5531,5703,5627,5624,5726,6169,6473,6962,7129
South East,E07000061,Eastbourne,1107,1100,1113,1197,1260,1326,1395,1454,1503,1596,1619,1704,1683,1692,1708,1727,1750,1809,1869
South East,E07000062,Hastings,877,880,889,947,987,1057,1119,1152,1178,1255,1277,1345,1314,1359,1410,1473,1531,1565,1625
South East,E07000063,Lewes,1026,1045,1064,1151,1225,1268,1311,1360,1398,1499,1534,1607,1566,1579,1561,1637,1672,1780,1950
South East,E07000064,Rother,930,903,909,965,1014,1069,1116,1140,1176,1250,1285,1361,1326,1364,1376,1438,1468,1606,1681
South East,E07000065,Wealden,1583,1628,1666,1791,1862,1949,2007,2055,2109,2271,2305,2415,2300,2395,2389,2537,2593,2705,2832
South East,E07000207,Elmbridge,2046,2209,2475,2657,2732,2763,2803,2799,2887,3105,3282,3396,3309,3437,3549,3782,4035,4372,4446
South East,E07000209,Guildford,2508,2679,3026,3210,3267,3353,3507,3501,3602,3918,4151,4289,4211,4346,4426,4759,4910,5297,5283
South East,E07000214,Surrey Heath,1919,2000,2207,2288,2260,2307,2496,2376,2382,2549,2789,2770,2683,2869,2793,3238,3095,3204,3298
South East,E07000216,Waverley,1841,1972,2174,2304,2402,2466,2591,2541,2611,2816,2951,3062,3019,3065,3091,3268,3417,3598,3690
South East,E07000217,Woking,1682,1800,2055,2187,2235,2284,2452,2377,2469,2631,2740,2838,2784,2873,2840,3039,3079,3515,3562
South East,E07000212,Runnymede,1729,1850,2027,2137,2223,2295,2472,2352,2418,2543,2690,2741,2758,2938,2970,3138,3567,3796,3894
South East,E07000213,Spelthorne,1394,1499,1686,1782,1827,1885,1970,1937,1993,2147,2248,2317,2286,2269,2299,2417,2721,2606,2721
South East,E07000208,Epsom and Ewell,1014,1101,1196,1299,1340,1401,1458,1469,1520,1654,1737,1809,1714,1744,1754,1849,1899,1955,2035
South East,E07000210,Mole Valley,1677,1808,2029,2200,2261,2387,2454,2470,2595,2756,2888,2930,2835,2893,2992,3230,3227,3220,3252
South East,E07000211,Reigate and Banstead,2316,2501,2727,2887,2935,3070,3257,3322,3473,3788,4043,4003,3881,3996,3867,4165,4520,4686,4754
South East,E07000215,Tandridge,1161,1241,1366,1436,1475,1541,1620,1600,1632,1753,1855,1921,1807,1874,1921,1976,2089,2175,2199
South East,E07000223,Adur,653,686,708,750,806,832,860,880,900,978,994,983,972,1007,1004,1045,1088,1080,1157
South East,E07000224,Arun,1459,1536,1580,1667,1801,1854,1933,1982,2007,2140,2189,2195,2149,2289,2266,2399,2486,2455,2489
South East,E07000225,Chichester,1782,1878,1940,2068,2201,2268,2338,2428,2474,2683,2697,2688,2667,2931,2884,3009,3109,3078,3080
South East,E07000229,Worthing,1566,1625,1641,1725,1818,1908,2010,2039,2103,2323,2355,2363,2352,2520,2432,2602,2557,2667,2566
South East,E07000226,Crawley,2324,2422,2507,2616,2761,2793,2926,2989,3048,3283,3412,3558,3665,3761,3607,3863,4174,4639,4759
South East,E07000227,Horsham,1802,1892,2000,2105,2203,2281,2325,2351,2405,2623,2670,2776,2727,2885,2902,3003,3142,3323,3496
South East,E07000228,Mid Sussex,1765,1865,1921,2033,2189,2249,2321,2378,2434,2659,2729,2840,2867,2886,2901,3145,3314,3496,3544
South East,E06000044,Portsmouth,3174,3335,3322,3492,3829,4060,4017,4191,4231,4368,4660,4797,4728,5085,4805,5079,5219,5368,5344
South East,E06000045,Southampton,3722,3844,3740,3737,3997,4337,4601,4784,5040,5080,5456,5215,5043,4943,5002,5105,5486,5735,5873
South East,E06000046,Isle of Wight,1245,1263,1342,1535,1621,1674,1726,1759,1893,2059,2079,2227,2097,2130,2170,2225,2282,2426,2473
South East,E07000086,Eastleigh,1782,1885,1976,2080,2229,2359,2361,2528,2699,2812,2987,3044,2997,3128,3246,3414,3498,3520,3595
South East,E07000087,Fareham,1442,1527,1593,1681,1793,1899,1901,2000,2095,2201,2333,2369,2325,2423,2482,2606,2580,2701,2741
South East,E07000088,Gosport,678,698,728,764,805,852,878,916,944,991,1032,1061,1045,1077,1072,1111,1133,1181,1153
South East,E07000090,Havant,1618,1653,1702,1794,1869,2034,2105,2096,2121,2236,2391,2390,2373,2415,2546,2634,2624,2586,2641
South East,E07000085,East Hampshire,1517,1608,1714,1793,1890,1990,2010,2073,2171,2287,2432,2576,2560,2714,2756,2802,2662,2695,2765
South East,E07000091,New Forest,2316,2438,2542,2691,2856,3030,3065,3170,3313,3497,3673,3745,3692,3923,3978,4160,4262,4266,4371
South East,E07000093,Test Valley,1659,1758,1795,1913,2007,2109,2140,2223,2319,2444,2593,2692,2698,2888,3031,3107,3080,3125,3297
South East,E07000094,Winchester,1988,2123,2231,2378,2515,2652,2655,2844,2998,3167,3401,3593,3594,3847,3956,4139,4333,4494,4823
South East,E07000084,Basingstoke and Deane,2556,2694,2822,2989,3138,3332,3375,3534,3705,3908,4230,4314,4327,4357,4549,4538,5165,5136,5169
South East,E07000089,Hart,1242,1328,1407,1574,1654,1743,1741,1871,1949,2086,2269,2395,2243,2384,2439,2510,2640,2878,2886
South East,E07000092,Rushmoor,1402,1481,1569,1660,1772,1909,1916,2032,2140,2277,2474,2508,2433,2512,2498,2643,2629,2908,3101
South East,E06000035,Medway,2516,2629,2797,2962,3099,3306,3428,3465,3710,3876,3863,3979,3874,4015,3953,4277,4492,4564,4794
South East,E07000107,Dartford,1431,1491,1557,1582,1655,1775,1879,1942,2106,2131,2246,2332,2164,2206,2343,2556,2682,2834,3064
South East,E07000109,Gravesham,942,965,991,1012,1064,1137,1189,1226,1301,1309,1374,1431,1322,1334,1375,1414,1487,1536,1603
South East,E07000113,Swale,1409,1458,1518,1540,1614,1721,1819,1874,1997,2001,2082,2174,2017,2187,2185,2282,2426,2567,2694
South East,E07000106,Canterbury,1555,1613,1665,1758,1886,2030,2142,2239,2389,2501,2650,2782,2635,2749,2808,2890,3000,3093,3050
South East,E07000108,Dover,1131,1169,1195,1204,1284,1370,1435,1496,1574,1614,1701,1796,1681,1690,1675,1650,1716,1733,1779
South East,E07000112,Shepway,1184,1223,1247,1275,1331,1441,1514,1573,1738,1811,1914,2042,1960,1979,2061,2025,2052,2054,2105
South East,E07000114,Thanet,1353,1367,1405,1437,1519,1615,1694,1747,1856,1895,2003,2101,1957,2023,2026,2018,2004,2026,2099
South East,E07000105,Ashford,1574,1624,1680,1729,1832,1953,2022,2101,2244,2282,2418,2513,2379,2474,2517,2647,2728,2815,2879
South East,E07000110,Maidstone,1937,2011,2067,2162,2303,2453,2595,2695,2894,3003,3189,3259,3144,3257,3255,3422,3482,3565,3763
South East,E07000111,Sevenoaks,1499,1585,1627,1694,1800,1896,1974,2025,2220,2268,2376,2463,2352,2495,2635,2739,2865,2960,3134
South East,E07000115,Tonbridge and Malling,1743,1821,1891,1952,2069,2219,2285,2388,2604,2678,2814,2975,2908,3012,3135,3106,3240,3397,3534
South East,E07000116,Tunbridge Wells,1437,1515,1587,1646,1747,1844,1932,2028,2183,2250,2352,2503,2483,2606,2572,2660,2719,3222,3285
South West,E06000023,"Bristol, City of",7253,7404,7587,7760,8272,8701,8758,9169,9658,10144,10961,11105,11323,11817,11495,11828,12471,13522,13862
South West,E06000022,Bath and North East Somerset,2039,2187,2303,2475,2741,2885,3161,3268,3476,3583,3779,3921,3882,4119,4075,4223,4316,4450,4575
South West,E06000024,North Somerset,2038,2180,2260,2419,2636,2788,3052,3204,3406,3477,3637,3819,3745,3836,3832,3991,4138,4496,4674
South West,E06000025,South Gloucestershire,3909,4154,4154,4419,4842,5198,5731,5954,6319,6459,6906,7302,7118,7686,7908,7671,8128,8684,8674
South West,E07000078,Cheltenham,1495,1543,1644,1794,1877,1996,2169,2315,2323,2326,2506,2541,2560,2884,2860,3025,3066,3224,3241
South West,E07000079,Cotswold,1116,1156,1253,1362,1391,1459,1589,1677,1667,1670,1799,1800,1808,1925,1959,2059,2246,2453,2488
South West,E07000080,Forest of Dean,777,782,816,877,914,976,1066,1124,1139,1141,1212,1229,1178,1192,1228,1264,1312,1391,1425
South West,E07000081,Gloucester,1686,1730,1773,1891,1985,2148,2436,2580,2572,2688,2913,2896,2999,2898,2896,3004,3068,3225,3422
South West,E07000082,Stroud,1454,1488,1555,1689,1736,1848,2000,2109,2129,2111,2293,2271,2171,2323,2392,2452,2485,2622,2753
South West,E07000083,Tewkesbury,1286,1309,1371,1488,1485,1572,1728,1818,1842,1838,2022,1982,1916,2148,2146,2231,2247,2544,2637
South West,E06000030,Swindon,3930,4176,4268,4356,4674,4688,4734,4935,5281,5489,5908,6053,6113,5942,6049,6073,6386,6290,6682
South West,E06000054,Wiltshire,5590,5654,5861,6149,6553,6985,7140,7574,7787,8087,8728,9165,8968,9300,9120,9255,9385,10164,10628
South West,E06000028,Bournemouth,1998,2085,2141,2334,2445,2510,2769,2808,3097,3217,3419,3458,3624,3444,3589,3720,3993,4089,4255
South West,E06000029,Poole,2220,2290,2371,2539,2610,2637,2865,2862,3098,3252,3369,3432,3468,3461,3443,3597,3645,3831,3954
South West,E07000048,Christchurch,527,545,590,629,650,649,698,732,760,788,830,865,843,867,870,875,903,1014,1081
South West,E07000049,East Dorset,998,1027,1096,1164,1178,1199,1286,1330,1376,1420,1497,1545,1487,1561,1581,1603,1659,1781,1813
South West,E07000050,North Dorset,689,704,760,808,823,845,895,946,991,1027,1088,1136,1106,1127,1144,1146,1181,1270,1307
South West,E07000051,Purbeck,680,701,750,790,765,756,770,802,859,865,888,987,888,885,916,944,1049,1002,991
South West,E07000052,West Dorset,1234,1273,1381,1450,1487,1518,1624,1714,1830,1891,2009,2102,2047,2038,2074,2181,2164,2334,2429
South West,E07000053,Weymouth and Portland,587,603,644,681,683,709,741,768,836,860,923,983,935,904,911,902,833,916,933
South West,E07000187,Mendip,1112,1111,1184,1251,1288,1362,1447,1539,1650,1740,1808,1839,1782,1888,1883,1943,2063,2215,2333
South West,E07000188,Sedgemoor,1073,1083,1162,1220,1251,1312,1381,1487,1581,1683,1721,1755,1706,1736,1749,1901,1913,2054,2125
South West,E07000189,South Somerset,2066,2045,2152,2236,2269,2351,2518,2666,2822,2971,3047,3096,2938,3055,3210,3172,3280,3417,3434
South West,E07000190,Taunton Deane,1295,1302,1390,1472,1533,1625,1746,1853,2010,2160,2215,2268,2245,2261,2270,2302,2329,2532,2564
South West,E07000191,West Somerset,363,369,391,398,429,445,478,498,537,566,594,609,607,611,587,635,677,675,692
South West,E06000052,Cornwall,5304,5418,5400,5870,6077,6637,7552,7502,7925,8707,8722,8834,8747,8716,8843,9394,9428,9458,9850
South West,E06000053,Isles of Scilly,45,46,46,50,47,51,59,54,56,69,63,62,65,60,64,67,59,61,62
South West,E06000026,Plymouth,2984,3036,3093,3296,3416,3545,3709,3976,4136,4358,4542,4469,4311,4503,4585,4852,5067,5149,5192
South West,E06000027,Torbay,1439,1424,1421,1457,1492,1504,1659,1826,1867,1951,1955,1995,1870,1949,1926,1985,2040,2090,2081
South West,E07000040,East Devon,1138,1159,1233,1295,1380,1533,1629,1753,1833,1925,1961,2040,2011,2106,2125,2141,2200,2359,2351
South West,E07000041,Exeter,1952,1955,2120,2210,2382,2596,2765,3049,3152,3311,3480,3525,3682,3673,3418,3579,3936,3916,4085
South West,E07000042,Mid Devon,643,654,700,733,782,851,903,979,1009,1058,1076,1099,1091,1141,1121,1117,1217,1249,1303
South West,E07000043,North Devon,1042,1048,1116,1167,1244,1331,1434,1540,1590,1678,1707,1736,1730,1778,1743,1816,1891,1949,1981
South West,E07000044,South Hams,950,978,1044,1087,1191,1290,1390,1470,1533,1597,1623,1656,1618,1698,1697,1696,1821,1843,1892
South West,E07000045,Teignbridge,1142,1168,1237,1286,1360,1521,1634,1747,1838,1922,1939,1981,1979,2036,2064,2021,2171,2315,2309
South West,E07000046,Torridge,519,531,570,591,627,694,747,807,833,871,877,904,895,988,921,952,968,983,1018
South West,E07000047,West Devon,455,465,502,521,557,618,654,706,739,782,790,801,784,815,800,836,851,891,911
Wales,W06000001,Isle of Anglesey,523,502,524,567,607,623,673,766,799,834,863,888,867,827,862,929,911,929,938
Wales,W06000002,Gwynedd,1270,1254,1244,1264,1315,1509,1654,1723,1856,2000,2029,2063,1975,1905,2027,2191,2252,2227,2317
Wales,W06000003,Conwy,977,972,1004,1057,1055,1133,1244,1378,1429,1464,1514,1550,1486,1494,1543,1676,1685,1699,1809
Wales,W06000004,Denbighshire,904,899,910,973,967,1054,1148,1283,1314,1348,1388,1438,1380,1354,1399,1450,1516,1526,1561
Wales,W06000005,Flintshire,2239,2223,2168,2335,2311,2369,2482,2631,2743,2920,2967,2861,2889,3032,3199,3345,3542,3542,3644
Wales,W06000006,Wrexham,1441,1456,1449,1574,1560,1613,1694,1837,1905,2030,2108,2034,2046,2111,2130,2221,2451,2479,2553
Wales,W06000023,Powys,1339,1357,1327,1384,1449,1561,1749,1870,1819,1864,1987,1888,1790,1859,1936,2049,2123,2167,2251
Wales,W06000008,Ceredigion,689,686,706,727,768,781,902,990,1019,1059,1110,1097,1093,1113,1152,1106,1166,1197,1258
Wales,W06000009,Pembrokeshire,1186,1161,1212,1236,1258,1293,1453,1585,1723,1799,1903,1770,1768,1793,1847,1925,2018,1952,1964
Wales,W06000010,Carmarthenshire,1387,1405,1462,1471,1543,1547,1731,1893,2130,2249,2349,2287,2306,2348,2410,2530,2627,2755,2806
Wales,W06000011,Swansea,2409,2435,2466,2644,2700,2862,3091,3374,3544,3733,3744,3800,3878,3849,4021,4059,4219,4436,4503
Wales,W06000012,Neath Port Talbot,1184,1236,1223,1264,1230,1306,1317,1449,1596,1679,1800,1881,1787,1855,1950,1997,1990,2099,2142
Wales,W06000013,Bridgend,1512,1531,1490,1548,1477,1582,1659,1813,2015,2130,2296,2344,2264,2248,2404,2392,2498,2662,2779
Wales,W06000014,Vale of Glamorgan,1094,1152,1228,1302,1355,1373,1506,1630,1666,1737,1857,1856,1769,1727,1840,1894,1944,1975,2028
Wales,W06000016,Rhondda Cynon Taf,1989,2028,2019,2126,2129,2424,2515,2666,2681,2866,2925,2944,2984,3103,3151,3449,3565,3587,3663
Wales,W06000024,Merthyr Tydfil,482,503,519,546,566,634,642,691,712,757,770,785,778,774,794,824,902,901,915
Wales,W06000018,Caerphilly,1403,1451,1525,1553,1510,1562,1600,1778,1887,2075,2068,2075,1998,1969,2135,2224,2229,2333,2417
Wales,W06000019,Blaenau Gwent,475,487,522,528,505,518,517,586,628,688,682,686,657,698,726,784,734,736,764
Wales,W06000020,Torfaen,884,920,977,990,995,1040,1061,1152,1211,1310,1279,1280,1244,1267,1321,1375,1446,1470,1492
Wales,W06000021,Monmouthshire,1062,1074,1157,1209,1228,1266,1439,1545,1619,1724,1701,1742,1620,1649,1657,1707,1718,1819,1888
Wales,W06000022,Newport,1724,1803,1917,1977,2090,2076,2400,2604,2766,2972,2887,2857,2919,2868,3010,2953,2911,2949,3081
Wales,W06000015,Cardiff,4423,4634,5058,5432,5670,5989,6577,6951,7283,7606,8381,8134,8053,7882,8292,8442,8731,8722,9016
Scotland,S12000005,Clackmannanshire,457,469,471,574,576,598,612,622,570,634,675,679,682,648,667,650,728,785,811
Scotland,S12000006,Dumfries and Galloway,1549,1575,1679,1615,1819,1804,1776,1959,2037,2199,2290,2296,2344,2376,2419,2370,2527,2728,2802
Scotland,S12000008,East Ayrshire,1202,1244,1219,1289,1355,1345,1396,1488,1614,1696,1684,1662,1669,1722,1721,1687,1671,1818,1897
Scotland,S12000010,East Lothian,926,943,936,958,968,1043,1102,1187,1213,1388,1387,1396,1295,1297,1340,1367,1438,1463,1528
Scotland,S12000011,East Renfrewshire,778,828,821,811,835,844,869,918,977,1017,1028,1072,1007,973,995,1004,1084,1132,1179
Scotland,S12000013,Na h-Eileanan Siar,294,312,349,301,297,318,365,422,443,450,445,435,440,405,429,438,436,450,460
Scotland,S12000014,Falkirk,1805,1832,1758,1818,1850,2003,2066,2479,2607,2842,2850,2807,2818,2799,2620,2655,2769,2907,2908
Scotland,S12000015,Fife,3647,3730,3806,4120,4135,4293,4555,4824,4874,5428,5764,5871,5821,5714,5721,5755,6378,6485,6685
Scotland,S12000017,Highland,2484,2681,2774,2901,3021,3153,3418,3780,4072,4148,4324,4464,4347,4295,4518,4560,4804,5105,5273
Scotland,S12000018,Inverclyde,841,905,913,909,1004,984,1048,1135,1237,1282,1329,1363,1337,1323,1312,1237,1289,1488,1494
Scotland,S12000019,Midlothian,661,696,713,761,779,835,882,951,971,1121,1134,1150,1080,1049,1116,1142,1282,1310,1353
Scotland,S12000020,Moray,988,1063,1076,1105,1169,1263,1344,1438,1634,1640,1746,1834,1893,1843,1966,1960,2040,1929,1970
Scotland,S12000021,North Ayrshire,1542,1559,1508,1490,1522,1460,1522,1611,1731,1835,1801,1779,1777,1745,1763,1791,1858,1942,2024
Scotland,S12000023,Orkney Islands,234,251,247,245,235,250,274,310,338,329,341,353,368,381,394,406,410,434,446
Scotland,S12000024,Perth and Kinross,1942,1999,1915,1950,1952,2075,2110,2328,2414,2652,2813,2784,2980,2811,2973,3135,3340,3333,3400
Scotland,S12000026,Scottish Borders,1084,1100,1202,1186,1247,1271,1302,1444,1467,1614,1705,1743,1668,1709,1758,1733,1888,1930,1961
Scotland,S12000027,Shetland Islands,366,383,383,371,381,440,423,470,492,455,481,495,504,535,554,559,594,606,630
Scotland,S12000028,South Ayrshire,1405,1447,1500,1551,1571,1605,1610,1761,1860,2010,2053,2158,2125,2143,2161,2148,2282,2433,2464
Scotland,S12000029,South Lanarkshire,3413,3576,3640,3787,3915,3897,4203,4503,4840,5162,5095,5117,5023,4892,5004,5071,5495,5642,5784
Scotland,S12000030,Stirling,1123,1175,1183,1217,1253,1322,1384,1508,1579,1713,1812,1823,1822,1789,1738,1875,1963,1977,2071
Scotland,S12000033,Aberdeen City,5229,5074,4660,5141,5466,5692,5772,6034,6741,7359,8452,9630,9645,9772,9849,10787,10894,11415,10828
Scotland,S12000034,Aberdeenshire,3087,3094,2915,3092,3299,3396,3411,3597,3792,4309,4800,5099,4990,5102,5583,5778,6362,7022,7253
Scotland,S12000035,Argyll and Bute,976,1048,1094,1149,1127,1130,1219,1273,1373,1472,1468,1610,1589,1574,1579,1562,1609,1694,1736
Scotland,S12000036,City of Edinburgh,8679,9245,9118,9897,10712,11566,12447,13344,14148,15217,16056,15832,16667,15836,16186,16547,17001,17431,18437
Scotland,S12000038,Renfrewshire,2848,2933,2825,2814,2880,2853,3007,3036,3273,3389,3401,3513,3433,3402,3336,3303,3488,3653,3920
Scotland,S12000039,West Dunbartonshire,986,1013,968,1058,1048,1082,1168,1162,1242,1355,1415,1488,1442,1401,1479,1484,1532,1551,1609
Scotland,S12000040,West Lothian,2128,2204,2265,2336,2388,2506,2771,2974,3026,3158,3358,3390,3239,3327,3469,3381,3277,3542,3578
Scotland,S12000041,Angus,1270,1283,1295,1294,1310,1352,1457,1520,1548,1729,1861,1797,1707,1804,1816,1752,1909,1945,1969
Scotland,S12000042,Dundee City,1926,1998,2027,2123,2147,2310,2376,2522,2565,2748,2902,2909,2906,2904,2883,2924,3061,3200,3230
Scotland,S12000044,North Lanarkshire,2723,2919,3056,3203,3417,3619,3788,4151,4602,4999,5206,5259,5311,5291,5405,5463,5728,6268,6440
Scotland,S12000045,East Dunbartonshire,872,915,900,932,925,970,1018,1003,1074,1188,1233,1256,1212,1163,1231,1305,1328,1444,1496
Scotland,S12000046,Glasgow City,10201,10878,10915,11173,12097,12193,13190,14258,15523,15732,16211,16940,17392,16744,17189,17527,18078,19361,19624
Northern Ireland,N09000001,Antrim and Newtownabbey,1553,1562,1648,1789,1857,1876,2014,2121,2233,2371,2548,2488,2413,2510,2500,2515,2542,2624,2631
Northern Ireland,N09000002,"Armagh City, Banbridge and Craigavon",1749,1778,1873,1976,2054,2109,2307,2435,2605,2831,3006,2948,2867,2785,2866,2951,3040,3215,3255
Northern Ireland,N09000003,Belfast,5628,5693,5819,6218,6455,6613,7276,7396,7901,8346,9182,9136,9163,9141,9378,9782,10084,10024,10549
Northern Ireland,N09000004,Causeway Coast and Glens,1150,1144,1232,1300,1361,1398,1472,1526,1671,1800,1953,1877,1757,1739,1741,1766,1816,1826,1816
Northern Ireland,N09000005,Derry City and Strabane,1474,1482,1572,1632,1633,1683,1795,1869,2020,2179,2281,2259,2210,2208,2163,2206,2254,2243,2257
Northern Ireland,N09000006,Fermanagh and Omagh,951,948,1004,1071,1134,1176,1316,1381,1483,1624,1737,1706,1609,1654,1665,1718,1771,1830,1851
Northern Ireland,N09000007,Lisburn and Castlereagh,1416,1444,1509,1634,1719,1761,1868,1975,2109,2285,2477,2429,2389,2449,2330,2289,2352,2459,2437
Northern Ireland,N09000008,Mid and East Antrim,1854,1767,1842,2037,1906,1914,2114,2174,2392,2487,2568,2675,2540,2347,2436,2579,2728,2764,2739
Northern Ireland,N09000009,Mid Ulster,1167,1180,1219,1326,1383,1442,1640,1709,1902,2047,2232,2170,1981,2118,2172,2226,2313,2387,2460
Northern Ireland,N09000010,"Newry, Mourne and Down",1418,1400,1470,1593,1668,1697,1872,1951,2107,2287,2468,2400,2242,2302,2323,2359,2413,2532,2560
Northern Ireland,N09000011,Ards and North Down,1190,1177,1233,1313,1381,1388,1467,1541,1645,1779,1958,1922,1814,1782,1814,1765,1804,1834,1854
