GEOGRAPHY_CODE,YEAR,GVA,JOBS,HOUSEHOLDS
E06000031,2019,0.0,0,0
E06000032,2019,0.0,0,0
E06000042,2019,542.828036,4860,0
E06000055,2019,199.162587,2078,0
E06000056,2019,275.058377,2898,0
E07000004,2019,282.988417,2448,0
E07000005,2019,0.0,0,0
E07000006,2019,0.0,0,0
E07000007,2019,0.0,0,0
E07000008,2019,242.072071,2781,0
E07000009,2019,30.26027,345,0
E07000010,2019,0.0,0,0
E07000011,2019,63.404539,664,0
E07000012,2019,296.383656,2936,0
E07000150,2019,0.0,0,0
E07000151,2019,0.0,0,0
E07000152,2019,0.0,0,0
E07000153,2019,0.0,0,0
E07000154,2019,0.0,0,0
E07000155,2019,0.0,0,0
E07000156,2019,0.0,0,0
E07000177,2019,256.144416,2181,0
E07000178,2019,331.104553,3193,0
E07000179,2019,73.834928,736,0
E07000180,2019,91.201264,819,0
E07000181,2019,58.106541,496,0
E06000031,2020,0.0,0,-479
E06000032,2020,0.0,0,-199
E06000042,2020,542.828036,4860,-748
E06000055,2020,199.162587,2078,-396
E06000056,2020,275.058377,2898,5623
E07000004,2020,282.988417,2448,2660
E07000005,2020,0.0,0,-90
E07000006,2020,0.0,0,-112
E07000007,2020,0.0,0,-248
E07000008,2020,242.072071,2781,-337
E07000009,2020,30.26027,345,-151
E07000010,2020,0.0,0,-196
E07000011,2020,63.404539,664,-336
E07000012,2020,296.383656,2936,2765
E07000150,2020,-0.0,0,-208
E07000151,2020,0.0,0,-140
E07000152,2020,0.0,0,-176
E07000153,2020,0.0,0,-242
E07000154,2020,0.0,0,-325
E07000155,2020,0.0,0,-160
E07000156,2020,0.0,0,-122
E07000177,2020,256.144416,2181,2849
E07000178,2020,331.104553,3193,-137
E07000179,2020,73.834928,736,-234
E07000180,2020,91.201264,819,-320
E07000181,2020,58.106541,496,-204
E06000031,2021,0.0,0,-479
E06000032,2021,0.0,0,-199
E06000042,2021,542.828036,4860,-748
E06000055,2021,199.162587,2078,-396
E06000056,2021,275.058377,2898,5623
E07000004,2021,282.988417,2448,2660
E07000005,2021,0.0,0,-90
E07000006,2021,0.0,0,-112
E07000007,2021,0.0,0,-248
E07000008,2021,242.072071,2781,-337
E07000009,2021,30.26027,345,-151
E07000010,2021,0.0,0,-196
E07000011,2021,63.404539,664,-336
E07000012,2021,296.383656,2936,2765
E07000150,2021,0.0,0,-208
E07000151,2021,0.0,0,-140
E07000152,2021,0.0,0,-176
E07000153,2021,0.0,0,-242
E07000154,2021,0.0,0,-325
E07000155,2021,0.0,0,-160
E07000156,2021,0.0,0,-122
E07000177,2021,256.144416,2181,2849
E07000178,2021,331.104553,3193,-137
E07000179,2021,73.834928,736,-234
E07000180,2021,91.201264,819,-320
E07000181,2021,58.106541,496,-204
E06000031,2022,0.0,0,-479
E06000032,2022,0.0,0,-199
E06000042,2022,542.828036,4860,-748
E06000055,2022,199.162587,2078,-396
E06000056,2022,275.058377,2898,5623
E07000004,2022,282.988417,2448,2660
E07000005,2022,0.0,0,-90
E07000006,2022,0.0,0,-112
E07000007,2022,0.0,0,-248
E07000008,2022,242.072071,2781,-337
E07000009,2022,30.26027,345,-151
E07000010,2022,0.0,0,-196
E07000011,2022,63.404539,664,-336
E07000012,2022,296.383656,2936,2765
E07000150,2022,0.0,0,-208
E07000151,2022,0.0,0,-140
E07000152,2022,0.0,0,-176
E07000153,2022,0.0,0,-242
E07000154,2022,0.0,0,-325
E07000155,2022,0.0,0,-160
E07000156,2022,0.0,0,-122
E07000177,2022,256.144416,2181,2849
E07000178,2022,331.104553,3193,-137
E07000179,2022,73.834928,736,-234
E07000180,2022,91.201264,819,-320
E07000181,2022,58.106541,496,-204
E06000031,2023,0.0,0,-479
E06000032,2023,0.0,0,-199
E06000042,2023,542.828036,4860,-748
E06000055,2023,199.162587,2078,-396
E06000056,2023,275.058377,2898,5623
E07000004,2023,282.988417,2448,2660
E07000005,2023,0.0,0,-90
E07000006,2023,0.0,0,-112
E07000007,2023,0.0,0,-248
E07000008,2023,242.072071,2781,-337
E07000009,2023,30.26027,345,-151
E07000010,2023,0.0,0,-196
E07000011,2023,63.404539,664,-336
E07000012,2023,296.383656,2936,2765
E07000150,2023,0.0,0,-208
E07000151,2023,0.0,0,-140
E07000152,2023,0.0,0,-176
E07000153,2023,0.0,0,-242
E07000154,2023,0.0,0,-325
E07000155,2023,0.0,0,-160
E07000156,2023,0.0,0,-122
E07000177,2023,256.144416,2181,2849
E07000178,2023,331.104553,3193,-137
E07000179,2023,73.834928,736,-234
E07000180,2023,91.201264,819,-320
E07000181,2023,58.106541,496,-204
E06000031,2024,0.0,0,-479
E06000032,2024,0.0,0,-199
E06000042,2024,542.828036,4860,-748
E06000055,2024,199.162587,2078,-396
E06000056,2024,275.058377,2898,5623
E07000004,2024,282.988417,2448,2660
E07000005,2024,0.0,0,-90
E07000006,2024,0.0,0,-112
E07000007,2024,0.0,0,-248
E07000008,2024,242.072071,2781,-337
E07000009,2024,30.26027,345,-151
E07000010,2024,0.0,0,-196
E07000011,2024,63.404539,664,-336
E07000012,2024,296.383656,2936,2765
E07000150,2024,0.0,0,-208
E07000151,2024,0.0,0,-140
E07000152,2024,0.0,0,-176
E07000153,2024,0.0,0,-242
E07000154,2024,0.0,0,-325
E07000155,2024,0.0,0,-160
E07000156,2024,0.0,0,-122
E07000177,2024,256.144416,2181,2849
E07000178,2024,331.104553,3193,-137
E07000179,2024,73.834928,736,-234
E07000180,2024,91.201264,819,-320
E07000181,2024,58.106541,496,-204
E06000031,2025,0.0,0,-479
E06000032,2025,0.0,0,-199
E06000042,2025,542.828036,4860,-748
E06000055,2025,199.162587,2078,-396
E06000056,2025,275.058377,2898,5623
E07000004,2025,282.988417,2448,2660
E07000005,2025,0.0,0,-90
E07000006,2025,0.0,0,-112
E07000007,2025,0.0,0,-248
E07000008,2025,242.072071,2781,-337
E07000009,2025,30.26027,345,-151
E07000010,2025,0.0,0,-196
E07000011,2025,63.404539,664,-336
E07000012,2025,296.383656,2936,2765
E07000150,2025,0.0,0,-208
E07000151,2025,0.0,0,-140
E07000152,2025,0.0,0,-176
E07000153,2025,0.0,0,-242
E07000154,2025,0.0,0,-325
E07000155,2025,0.0,0,-160
E07000156,2025,0.0,0,-122
E07000177,2025,256.144416,2181,2849
E07000178,2025,331.104553,3193,-137
E07000179,2025,73.834928,736,-234
E07000180,2025,91.201264,819,-320
E07000181,2025,58.106541,496,-204
E06000031,2026,0.0,0,-479
E06000032,2026,0.0,0,-199
E06000042,2026,542.828036,4860,-748
E06000055,2026,199.162587,2078,-396
E06000056,2026,275.058377,2898,5623
E07000004,2026,282.988417,2448,2660
E07000005,2026,0.0,0,-90
E07000006,2026,0.0,0,-112
E07000007,2026,-0.0,0,-248
E07000008,2026,242.072071,2781,-337
E07000009,2026,30.26027,345,-151
E07000010,2026,0.0,0,-196
E07000011,2026,63.404539,664,-336
E07000012,2026,296.383656,2936,2765
E07000150,2026,-0.0,0,-208
E07000151,2026,0.0,0,-140
E07000152,2026,0.0,0,-176
E07000153,2026,0.0,0,-242
E07000154,2026,0.0,0,-325
E07000155,2026,0.0,0,-160
E07000156,2026,0.0,0,-122
E07000177,2026,256.144416,2181,2849
E07000178,2026,331.104553,3193,-137
E07000179,2026,73.834928,736,-234
E07000180,2026,91.201264,819,-320
E07000181,2026,58.106541,496,-204
E06000031,2027,0.0,0,-479
E06000032,2027,0.0,0,-199
E06000042,2027,542.828036,4860,-748
E06000055,2027,199.162587,2078,-396
E06000056,2027,275.058377,2898,5623
E07000004,2027,282.988417,2448,2660
E07000005,2027,0.0,0,-90
E07000006,2027,0.0,0,-112
E07000007,2027,0.0,0,-248
E07000008,2027,242.072071,2781,-337
E07000009,2027,30.26027,345,-151
E07000010,2027,0.0,0,-196
E07000011,2027,63.404539,664,-336
E07000012,2027,296.383656,2936,2765
E07000150,2027,0.0,0,-208
E07000151,2027,0.0,0,-140
E07000152,2027,0.0,0,-176
E07000153,2027,0.0,0,-242
E07000154,2027,0.0,0,-325
E07000155,2027,0.0,0,-160
E07000156,2027,0.0,0,-122
E07000177,2027,256.144416,2181,2849
E07000178,2027,331.104553,3193,-137
E07000179,2027,73.834928,736,-234
E07000180,2027,91.201264,819,-320
E07000181,2027,58.106541,496,-204
E06000031,2028,0.0,0,-479
E06000032,2028,0.0,0,-199
E06000042,2028,542.828036,4860,-748
E06000055,2028,199.162587,2078,-396
E06000056,2028,275.058377,2898,5623
E07000004,2028,282.988417,2448,2660
E07000005,2028,0.0,0,-90
E07000006,2028,0.0,0,-112
E07000007,2028,0.0,0,-248
E07000008,2028,242.072071,2781,-337
E07000009,2028,30.26027,345,-151
E07000010,2028,0.0,0,-196
E07000011,2028,63.404539,664,-336
E07000012,2028,296.383656,2936,2765
E07000150,2028,0.0,0,-208
E07000151,2028,0.0,0,-140
E07000152,2028,-0.0,0,-176
E07000153,2028,0.0,0,-242
E07000154,2028,0.0,0,-325
E07000155,2028,0.0,0,-160
E07000156,2028,0.0,0,-122
E07000177,2028,256.144416,2181,2849
E07000178,2028,331.104553,3193,-137
E07000179,2028,73.834928,736,-234
E07000180,2028,91.201264,819,-320
E07000181,2028,58.106541,496,-204
E06000031,2029,0.0,0,-479
E06000032,2029,0.0,0,-199
E06000042,2029,542.828036,4860,-748
E06000055,2029,199.162587,2078,-396
E06000056,2029,275.058377,2898,5623
E07000004,2029,282.988417,2448,2660
E07000005,2029,0.0,0,-90
E07000006,2029,0.0,0,-112
E07000007,2029,0.0,0,-248
E07000008,2029,242.072071,2781,-337
E07000009,2029,30.26027,345,-151
E07000010,2029,0.0,0,-196
E07000011,2029,63.404539,664,-336
E07000012,2029,296.383656,2936,2765
E07000150,2029,0.0,0,-208
E07000151,2029,-0.0,0,-140
E07000152,2029,0.0,0,-176
E07000153,2029,0.0,0,-242
E07000154,2029,0.0,0,-325
E07000155,2029,0.0,0,-160
E07000156,2029,0.0,0,-122
E07000177,2029,256.144416,2181,2849
E07000178,2029,331.104553,3193,-137
E07000179,2029,73.834928,736,-234
E07000180,2029,91.201264,819,-320
E07000181,2029,58.106541,496,-204
E06000031,2030,0.0,0,-479
E06000032,2030,0.0,0,-199
E06000042,2030,542.828036,4860,-748
E06000055,2030,199.162587,2078,-396
E06000056,2030,275.058377,2898,5623
E07000004,2030,282.988417,2448,2660
E07000005,2030,0.0,0,-90
E07000006,2030,0.0,0,-112
E07000007,2030,0.0,0,-248
E07000008,2030,242.072071,2781,-337
E07000009,2030,30.26027,345,-151
E07000010,2030,0.0,0,-196
E07000011,2030,63.404539,664,-336
E07000012,2030,296.383656,2936,2765
E07000150,2030,0.0,0,-208
E07000151,2030,0.0,0,-140
E07000152,2030,-0.0,0,-176
E07000153,2030,0.0,0,-242
E07000154,2030,0.0,0,-325
E07000155,2030,0.0,0,-160
E07000156,2030,0.0,0,-122
E07000177,2030,256.144416,2181,2849
E07000178,2030,331.104553,3193,-137
E07000179,2030,73.834928,736,-234
E07000180,2030,91.201264,819,-320
E07000181,2030,58.106541,496,-204
E06000031,2031,0.0,0,-479
E06000032,2031,0.0,0,-199
E06000042,2031,542.828036,4860,-748
E06000055,2031,199.162587,2078,-396
E06000056,2031,275.058377,2898,5623
E07000004,2031,282.988417,2448,2660
E07000005,2031,0.0,0,-90
E07000006,2031,0.0,0,-112
E07000007,2031,0.0,0,-248
E07000008,2031,242.072071,2781,-337
E07000009,2031,30.26027,345,-151
E07000010,2031,0.0,0,-196
E07000011,2031,63.404539,664,-336
E07000012,2031,296.383656,2936,2765
E07000150,2031,0.0,0,-208
E07000151,2031,0.0,0,-140
E07000152,2031,0.0,0,-176
E07000153,2031,0.0,0,-242
E07000154,2031,0.0,0,-325
E07000155,2031,0.0,0,-160
E07000156,2031,0.0,0,-122
E07000177,2031,256.144416,2181,2849
E07000178,2031,331.104553,3193,-137
E07000179,2031,73.834928,736,-234
E07000180,2031,91.201264,819,-320
E07000181,2031,58.106541,496,-204
E06000031,2032,0.0,0,-479
E06000032,2032,-0.0,0,-199
E06000042,2032,542.828036,4860,-748
E06000055,2032,199.162587,2078,-396
E06000056,2032,275.058377,2898,5623
E07000004,2032,282.988417,2448,2660
E07000005,2032,0.0,0,-90
E07000006,2032,0.0,0,-112
E07000007,2032,0.0,0,-248
E07000008,2032,242.072071,2781,-337
E07000009,2032,30.26027,345,-151
E07000010,2032,0.0,0,-196
E07000011,2032,63.404539,664,-336
E07000012,2032,296.383656,2936,2765
E07000150,2032,0.0,0,-208
E07000151,2032,0.0,0,-140
E07000152,2032,0.0,0,-176
E07000153,2032,0.0,0,-242
E07000154,2032,0.0,0,-325
E07000155,2032,0.0,0,-160
E07000156,2032,0.0,0,-122
E07000177,2032,256.144416,2181,2849
E07000178,2032,331.104553,3193,-137
E07000179,2032,73.834928,736,-234
E07000180,2032,91.201264,819,-320
E07000181,2032,58.106541,496,-204
E06000031,2033,0.0,0,-479
E06000032,2033,0.0,0,-199
E06000042,2033,542.828036,4860,-748
E06000055,2033,199.162587,2078,-396
E06000056,2033,275.058377,2898,5623
E07000004,2033,282.988417,2448,2660
E07000005,2033,-0.0,0,-90
E07000006,2033,-0.0,0,-112
E07000007,2033,0.0,0,-248
E07000008,2033,242.072071,2781,-337
E07000009,2033,30.26027,345,-151
E07000010,2033,0.0,0,-196
E07000011,2033,63.404539,664,-336
E07000012,2033,296.383656,2936,2765
E07000150,2033,0.0,0,-208
E07000151,2033,0.0,0,-140
E07000152,2033,0.0,0,-176
E07000153,2033,0.0,0,-242
E07000154,2033,0.0,0,-325
E07000155,2033,0.0,0,-160
E07000156,2033,-0.0,0,-122
E07000177,2033,256.144416,2181,2849
E07000178,2033,331.104553,3193,-137
E07000179,2033,73.834928,736,-234
E07000180,2033,91.201264,819,-320
E07000181,2033,58.106541,496,-204
E06000031,2034,0.0,0,-479
E06000032,2034,-0.0,0,-199
E06000042,2034,542.828036,4860,-748
E06000055,2034,199.162587,2078,-396
E06000056,2034,275.058377,2898,5623
E07000004,2034,282.988417,2448,2660
E07000005,2034,0.0,0,-90
E07000006,2034,0.0,0,-112
E07000007,2034,0.0,0,-248
E07000008,2034,242.072071,2781,-337
E07000009,2034,30.26027,345,-151
E07000010,2034,0.0,0,-196
E07000011,2034,63.404539,664,-336
E07000012,2034,296.383656,2936,2765
E07000150,2034,0.0,0,-208
E07000151,2034,0.0,0,-140
E07000152,2034,0.0,0,-176
E07000153,2034,0.0,0,-242
E07000154,2034,0.0,0,-325
E07000155,2034,0.0,0,-160
E07000156,2034,0.0,0,-122
E07000177,2034,256.144416,2181,2849
E07000178,2034,331.104553,3193,-137
E07000179,2034,73.834928,736,-234
E07000180,2034,91.201264,819,-320
E07000181,2034,58.106541,496,-204
E06000031,2035,0.0,0,-479
E06000032,2035,0.0,0,-199
E06000042,2035,542.828036,4860,-748
E06000055,2035,199.162587,2078,-396
E06000056,2035,275.058377,2898,5623
E07000004,2035,282.988417,2448,2660
E07000005,2035,-0.0,0,-90
E07000006,2035,-0.0,0,-112
E07000007,2035,0.0,0,-248
E07000008,2035,242.072071,2781,-337
E07000009,2035,30.26027,345,-151
E07000010,2035,0.0,0,-196
E07000011,2035,63.404539,664,-336
E07000012,2035,296.383656,2936,2765
E07000150,2035,0.0,0,-208
E07000151,2035,0.0,0,-140
E07000152,2035,0.0,0,-176
E07000153,2035,0.0,0,-242
E07000154,2035,0.0,0,-325
E07000155,2035,0.0,0,-160
E07000156,2035,0.0,0,-122
E07000177,2035,256.144416,2181,2849
E07000178,2035,331.104553,3193,-137
E07000179,2035,73.834928,736,-234
E07000180,2035,91.201264,819,-320
E07000181,2035,58.106541,496,-204
E06000031,2036,0.0,0,-479
E06000032,2036,0.0,0,-199
E06000042,2036,542.828036,4860,-748
E06000055,2036,199.162587,2078,-396
E06000056,2036,275.058377,2898,5623
E07000004,2036,282.988417,2448,2660
E07000005,2036,0.0,0,-90
E07000006,2036,0.0,0,-112
E07000007,2036,0.0,0,-248
E07000008,2036,242.072071,2781,-337
E07000009,2036,30.26027,345,-151
E07000010,2036,0.0,0,-196
E07000011,2036,63.404539,664,-336
E07000012,2036,296.383656,2936,2765
E07000150,2036,0.0,0,-208
E07000151,2036,0.0,0,-140
E07000152,2036,-0.0,0,-176
E07000153,2036,-0.0,0,-242
E07000154,2036,0.0,0,-325
E07000155,2036,0.0,0,-160
E07000156,2036,0.0,0,-122
E07000177,2036,256.144416,2181,2849
E07000178,2036,331.104553,3193,-137
E07000179,2036,73.834928,736,-234
E07000180,2036,91.201264,819,-320
E07000181,2036,58.106541,496,-204
E06000031,2037,0.0,0,-479
E06000032,2037,0.0,0,-199
E06000042,2037,542.828036,4860,-748
E06000055,2037,199.162587,2078,-396
E06000056,2037,275.058377,2898,5623
E07000004,2037,282.988417,2448,2660
E07000005,2037,0.0,0,-90
E07000006,2037,0.0,0,-112
E07000007,2037,0.0,0,-248
E07000008,2037,242.072071,2781,-337
E07000009,2037,30.26027,345,-151
E07000010,2037,0.0,0,-196
E07000011,2037,63.404539,664,-336
E07000012,2037,296.383656,2936,2765
E07000150,2037,0.0,0,-208
E07000151,2037,0.0,0,-140
E07000152,2037,0.0,0,-176
E07000153,2037,0.0,0,-242
E07000154,2037,0.0,0,-325
E07000155,2037,0.0,0,-160
E07000156,2037,0.0,0,-122
E07000177,2037,256.144416,2181,2849
E07000178,2037,331.104553,3193,-137
E07000179,2037,73.834928,736,-234
E07000180,2037,91.201264,819,-320
E07000181,2037,58.106541,496,-204
E06000031,2038,-0.0,0,-479
E06000032,2038,0.0,0,-199
E06000042,2038,542.828036,4860,-748
E06000055,2038,199.162587,2078,-396
E06000056,2038,275.058377,2898,5623
E07000004,2038,282.988417,2448,2660
E07000005,2038,0.0,0,-90
E07000006,2038,0.0,0,-112
E07000007,2038,0.0,0,-248
E07000008,2038,242.072071,2781,-337
E07000009,2038,30.26027,345,-151
E07000010,2038,0.0,0,-196
E07000011,2038,63.404539,664,-336
E07000012,2038,296.383656,2936,2765
E07000150,2038,0.0,0,-208
E07000151,2038,0.0,0,-140
E07000152,2038,0.0,0,-176
E07000153,2038,0.0,0,-242
E07000154,2038,0.0,0,-325
E07000155,2038,0.0,0,-160
E07000156,2038,0.0,0,-122
E07000177,2038,256.144416,2181,2849
E07000178,2038,331.104553,3193,-137
E07000179,2038,73.834928,736,-234
E07000180,2038,91.201264,819,-320
E07000181,2038,58.106541,496,-204
E06000031,2039,0.0,0,-479
E06000032,2039,0.0,0,-199
E06000042,2039,542.828036,4860,-748
E06000055,2039,199.162587,2078,-396
E06000056,2039,275.058377,2898,5623
E07000004,2039,282.988417,2448,2660
E07000005,2039,0.0,0,-90
E07000006,2039,0.0,0,-112
E07000007,2039,0.0,0,-248
E07000008,2039,242.072071,2781,-337
E07000009,2039,30.26027,345,-151
E07000010,2039,0.0,0,-196
E07000011,2039,63.404539,664,-336
E07000012,2039,296.383656,2936,2765
E07000150,2039,0.0,0,-208
E07000151,2039,0.0,0,-140
E07000152,2039,0.0,0,-176
E07000153,2039,-0.0,0,-242
E07000154,2039,0.0,0,-325
E07000155,2039,0.0,0,-160
E07000156,2039,0.0,0,-122
E07000177,2039,256.144416,2181,2849
E07000178,2039,331.104553,3193,-137
E07000179,2039,73.834928,736,-234
E07000180,2039,91.201264,819,-320
E07000181,2039,58.106541,496,-204
E06000031,2040,0.0,0,-479
E06000032,2040,0.0,0,-199
E06000042,2040,542.828036,4860,-748
E06000055,2040,199.162587,2078,-396
E06000056,2040,275.058377,2898,5623
E07000004,2040,282.988417,2448,2660
E07000005,2040,0.0,0,-90
E07000006,2040,0.0,0,-112
E07000007,2040,0.0,0,-248
E07000008,2040,242.072071,2781,-337
E07000009,2040,30.26027,345,-151
E07000010,2040,0.0,0,-196
E07000011,2040,63.404539,664,-336
E07000012,2040,296.383656,2936,2765
E07000150,2040,0.0,0,-208
E07000151,2040,0.0,0,-140
E07000152,2040,0.0,0,-176
E07000153,2040,0.0,0,-242
E07000154,2040,0.0,0,-325
E07000155,2040,0.0,0,-160
E07000156,2040,0.0,0,-122
E07000177,2040,256.144416,2181,2849
E07000178,2040,331.104553,3193,-137
E07000179,2040,73.834928,736,-234
E07000180,2040,91.201264,819,-320
E07000181,2040,58.106541,496,-204
E06000031,2041,0.0,0,-479
E06000032,2041,0.0,0,-199
E06000042,2041,542.828036,4860,-748
E06000055,2041,199.162587,2078,-396
E06000056,2041,275.058377,2898,5623
E07000004,2041,282.988417,2448,2660
E07000005,2041,0.0,0,-90
E07000006,2041,0.0,0,-112
E07000007,2041,0.0,0,-248
E07000008,2041,242.072071,2781,-337
E07000009,2041,30.26027,345,-151
E07000010,2041,0.0,0,-196
E07000011,2041,63.404539,664,-336
E07000012,2041,296.383656,2936,2765
E07000150,2041,0.0,0,-208
E07000151,2041,0.0,0,-140
E07000152,2041,0.0,0,-176
E07000153,2041,0.0,0,-242
E07000154,2041,0.0,0,-325
E07000155,2041,0.0,0,-160
E07000156,2041,0.0,0,-122
E07000177,2041,256.144416,2181,2849
E07000178,2041,331.104553,3193,-137
E07000179,2041,73.834928,736,-234
E07000180,2041,91.201264,819,-320
E07000181,2041,58.106541,496,-204
E06000031,2042,0.0,0,-479
E06000032,2042,0.0,0,-199
E06000042,2042,542.828036,4860,-748
E06000055,2042,199.162587,2078,-396
E06000056,2042,275.058377,2898,5623
E07000004,2042,282.988417,2448,2660
E07000005,2042,0.0,0,-90
E07000006,2042,-0.0,0,-112
E07000007,2042,0.0,0,-248
E07000008,2042,242.072071,2781,-337
E07000009,2042,30.26027,345,-151
E07000010,2042,0.0,0,-196
E07000011,2042,63.404539,664,-336
E07000012,2042,296.383656,2936,2765
E07000150,2042,0.0,0,-208
E07000151,2042,0.0,0,-140
E07000152,2042,0.0,0,-176
E07000153,2042,0.0,0,-242
E07000154,2042,0.0,0,-325
E07000155,2042,0.0,0,-160
E07000156,2042,0.0,0,-122
E07000177,2042,256.144416,2181,2849
E07000178,2042,331.104553,3193,-137
E07000179,2042,73.834928,736,-234
E07000180,2042,91.201264,819,-320
E07000181,2042,58.106541,496,-204
E06000031,2043,0.0,0,-479
E06000032,2043,0.0,0,-199
E06000042,2043,542.828036,4860,-748
E06000055,2043,199.162587,2078,-396
E06000056,2043,275.058377,2898,5623
E07000004,2043,282.988417,2448,2660
E07000005,2043,0.0,0,-90
E07000006,2043,0.0,0,-112
E07000007,2043,0.0,0,-248
E07000008,2043,242.072071,2781,-337
E07000009,2043,30.26027,345,-151
E07000010,2043,0.0,0,-196
E07000011,2043,63.404539,664,-336
E07000012,2043,296.383656,2936,2765
E07000150,2043,0.0,0,-208
E07000151,2043,0.0,0,-140
E07000152,2043,0.0,0,-176
E07000153,2043,0.0,0,-242
E07000154,2043,0.0,0,-325
E07000155,2043,-0.0,0,-160
E07000156,2043,0.0,0,-122
E07000177,2043,256.144416,2181,2849
E07000178,2043,331.104553,3193,-137
E07000179,2043,73.834928,736,-234
E07000180,2043,91.201264,819,-320
E07000181,2043,58.106541,496,-204
E06000031,2044,0.0,0,-479
E06000032,2044,0.0,0,-199
E06000042,2044,542.828036,4860,-748
E06000055,2044,199.162587,2078,-396
E06000056,2044,275.058377,2898,5623
E07000004,2044,282.988417,2448,2660
E07000005,2044,0.0,0,-90
E07000006,2044,-0.0,0,-112
E07000007,2044,0.0,0,-248
E07000008,2044,242.072071,2781,-337
E07000009,2044,30.26027,345,-151
E07000010,2044,0.0,0,-196
E07000011,2044,63.404539,664,-336
E07000012,2044,296.383656,2936,2765
E07000150,2044,0.0,0,-208
E07000151,2044,0.0,0,-140
E07000152,2044,0.0,0,-176
E07000153,2044,0.0,0,-242
E07000154,2044,0.0,0,-325
E07000155,2044,0.0,0,-160
E07000156,2044,0.0,0,-122
E07000177,2044,256.144416,2181,2849
E07000178,2044,331.104553,3193,-137
E07000179,2044,73.834928,736,-234
E07000180,2044,91.201264,819,-320
E07000181,2044,58.106541,496,-204
E06000031,2045,0.0,0,-479
E06000032,2045,0.0,0,-199
E06000042,2045,542.828036,4860,-748
E06000055,2045,199.162587,2078,-396
E06000056,2045,275.058377,2898,5623
E07000004,2045,282.988417,2448,2660
E07000005,2045,0.0,0,-90
E07000006,2045,0.0,0,-112
E07000007,2045,0.0,0,-248
E07000008,2045,242.072071,2781,-337
E07000009,2045,30.26027,345,-151
E07000010,2045,0.0,0,-196
E07000011,2045,63.404539,664,-336
E07000012,2045,296.383656,2936,2765
E07000150,2045,0.0,0,-208
E07000151,2045,0.0,0,-140
E07000152,2045,-0.0,0,-176
E07000153,2045,0.0,0,-242
E07000154,2045,0.0,0,-325
E07000155,2045,0.0,0,-160
E07000156,2045,-0.0,0,-122
E07000177,2045,256.144416,2181,2849
E07000178,2045,331.104553,3193,-137
E07000179,2045,73.834928,736,-234
E07000180,2045,91.201264,819,-320
E07000181,2045,58.106541,496,-204
E06000031,2046,0.0,0,-479
E06000032,2046,0.0,0,-199
E06000042,2046,542.828036,4860,-748
E06000055,2046,199.162587,2078,-396
E06000056,2046,275.058377,2898,5623
E07000004,2046,282.988417,2448,2660
E07000005,2046,0.0,0,-90
E07000006,2046,0.0,0,-112
E07000007,2046,0.0,0,-248
E07000008,2046,242.072071,2781,-337
E07000009,2046,30.26027,345,-151
E07000010,2046,0.0,0,-196
E07000011,2046,63.404539,664,-336
E07000012,2046,296.383656,2936,2765
E07000150,2046,0.0,0,-208
E07000151,2046,0.0,0,-140
E07000152,2046,0.0,0,-176
E07000153,2046,0.0,0,-242
E07000154,2046,0.0,0,-325
E07000155,2046,-0.0,0,-160
E07000156,2046,0.0,0,-122
E07000177,2046,256.144416,2181,2849
E07000178,2046,331.104553,3193,-137
E07000179,2046,73.834928,736,-234
E07000180,2046,91.201264,819,-320
E07000181,2046,58.106541,496,-204
E06000031,2047,0.0,0,-479
E06000032,2047,0.0,0,-199
E06000042,2047,542.828036,4860,-748
E06000055,2047,199.162587,2078,-396
E06000056,2047,275.058377,2898,5623
E07000004,2047,282.988417,2448,2660
E07000005,2047,-0.0,0,-90
E07000006,2047,0.0,0,-112
E07000007,2047,0.0,0,-248
E07000008,2047,242.072071,2781,-337
E07000009,2047,30.26027,345,-151
E07000010,2047,0.0,0,-196
E07000011,2047,63.404539,664,-336
E07000012,2047,296.383656,2936,2765
E07000150,2047,0.0,0,-208
E07000151,2047,0.0,0,-140
E07000152,2047,0.0,0,-176
E07000153,2047,0.0,0,-242
E07000154,2047,-0.0,0,-325
E07000155,2047,0.0,0,-160
E07000156,2047,-0.0,0,-122
E07000177,2047,256.144416,2181,2849
E07000178,2047,331.104553,3193,-137
E07000179,2047,73.834928,736,-234
E07000180,2047,91.201264,819,-320
E07000181,2047,58.106541,496,-204
E06000031,2048,0.0,0,-479
E06000032,2048,0.0,0,-199
E06000042,2048,542.828036,4860,-748
E06000055,2048,199.162587,2078,-396
E06000056,2048,275.058377,2898,5623
E07000004,2048,282.988417,2448,2660
E07000005,2048,0.0,0,-90
E07000006,2048,-0.0,0,-112
E07000007,2048,0.0,0,-248
E07000008,2048,242.072071,2781,-337
E07000009,2048,30.26027,345,-151
E07000010,2048,0.0,0,-196
E07000011,2048,63.404539,664,-336
E07000012,2048,296.383656,2936,2765
E07000150,2048,0.0,0,-208
E07000151,2048,0.0,0,-140
E07000152,2048,0.0,0,-176
E07000153,2048,0.0,0,-242
E07000154,2048,0.0,0,-325
E07000155,2048,-0.0,0,-160
E07000156,2048,0.0,0,-122
E07000177,2048,256.144416,2181,2849
E07000178,2048,331.104553,3193,-137
E07000179,2048,73.834928,736,-234
E07000180,2048,91.201264,819,-320
E07000181,2048,58.106541,496,-204
E06000031,2049,-0.0,0,-479
E06000032,2049,0.0,0,-199
E06000042,2049,542.828036,4860,-748
E06000055,2049,199.162587,2078,-396
E06000056,2049,275.058377,2898,5623
E07000004,2049,282.988417,2448,2660
E07000005,2049,0.0,0,-90
E07000006,2049,0.0,0,-112
E07000007,2049,0.0,0,-248
E07000008,2049,242.072071,2781,-337
E07000009,2049,30.26027,345,-151
E07000010,2049,0.0,0,-196
E07000011,2049,63.404539,664,-336
E07000012,2049,296.383656,2936,2765
E07000150,2049,-0.0,0,-208
E07000151,2049,0.0,0,-140
E07000152,2049,-0.0,0,-176
E07000153,2049,0.0,0,-242
E07000154,2049,0.0,0,-325
E07000155,2049,0.0,0,-160
E07000156,2049,0.0,0,-122
E07000177,2049,256.144416,2181,2849
E07000178,2049,331.104553,3193,-137
E07000179,2049,73.834928,736,-234
E07000180,2049,91.201264,819,-320
E07000181,2049,58.106541,496,-204
E06000031,2050,0.0,0,-479
E06000032,2050,0.0,0,-199
E06000042,2050,542.828036,4860,-748
E06000055,2050,199.162587,2078,-396
E06000056,2050,275.058377,2898,5623
E07000004,2050,282.988417,2448,2660
E07000005,2050,-0.0,0,-90
E07000006,2050,0.0,0,-112
E07000007,2050,0.0,0,-248
E07000008,2050,242.072071,2781,-337
E07000009,2050,30.26027,345,-151
E07000010,2050,0.0,0,-196
E07000011,2050,63.404539,664,-336
E07000012,2050,296.383656,2936,2765
E07000150,2050,0.0,0,-208
E07000151,2050,0.0,0,-140
E07000152,2050,0.0,0,-176
E07000153,2050,0.0,0,-242
E07000154,2050,0.0,0,-325
E07000155,2050,-0.0,0,-160
E07000156,2050,0.0,0,-122
E07000177,2050,256.144416,2181,2849
E07000178,2050,331.104553,3193,-137
E07000179,2050,73.834928,736,-234
E07000180,2050,91.201264,819,-320
E07000181,2050,58.106541,496,-204
